epoch,acc,certificate,loss,val_acc,val_certificate,val_loss
0,0.8337506677350427,0.0,-0.04647152102751355,0.9271,0.0003,-0.06715147557258606
1,0.8883713942307693,0.0005174946581196581,-0.061201647911061585,0.9419,0.0009,-0.07698156106472015
2,0.9034106092998396,0.0020543826830571885,-0.07145740726951735,0.9427,0.002,-0.08627889668941498
3,0.9086229946842805,0.003609625668449198,-0.0811837091962284,0.9479,0.0033,-0.09599954723119736
4,0.9129440438034188,0.005892761752136752,-0.0909603013155552,0.9483,0.0061,-0.10591386212110519
5,0.915319347974134,0.009887760556350253,-0.1021729221020963,0.9508,0.0115,-0.11627033574581146
6,0.9220254010057705,0.016042780749659168,-0.11186122821773438,0.9519,0.0176,-0.12679304280281067
7,0.9232438568376068,0.024272168803418804,-0.12201888518583061,0.9517,0.0259,-0.13716480836868286
8,0.9182859241452992,0.03281917735042735,-0.13114496858583558,0.9513,0.0366,-0.14764831509590148
9,0.923455056147884,0.04061329588114641,-0.1415185693226886,0.9514,0.046,-0.15825923428535463
10,0.9184361645299145,0.055505475427350424,-0.14930854820542866,0.9531,0.0637,-0.16897063810825347
11,0.9198217147435898,0.0712139423076923,-0.15906603943206307,0.9526,0.0901,-0.17928432161808014
12,0.9193251739535631,0.08923555376609103,-0.16636688968215543,0.9534,0.1182,-0.18954439346790314
13,0.919921875,0.11094417735042734,-0.17454535495012236,0.954,0.1434,-0.19833553650379182
14,0.9205562232905983,0.13167735042735043,-0.1828810449084665,0.9523,0.1726,-0.20702482709884643
15,0.9224852862493312,0.15956059387656316,-0.19141133470035224,0.9528,0.2007,-0.2153132228374481
16,0.9207899305555556,0.1796875,-0.19561040519267067,0.9534,0.2349,-0.22339878554344178
17,0.9199719551282052,0.199352297008547,-0.20002146928101525,0.9533,0.2635,-0.23021110467910766
18,0.9199605403002601,0.221609149301607,-0.2071816429471893,0.954,0.2917,-0.23706090097427368
19,0.9236611912393162,0.24579326923076922,-0.21415828324408612,0.9545,0.3217,-0.24326040077209474
20,0.9171173878205128,0.2663094284188034,-0.21728178890597108,0.9541,0.3459,-0.24884194374084473
21,0.9193753343715331,0.2837245853078627,-0.22071918204163662,0.9543,0.365,-0.2534878186225891
22,0.9248130341880342,0.29824385683760685,-0.2261365085012383,0.9553,0.3885,-0.25853463292121887
23,0.9214409722222222,0.31386885683760685,-0.22990704897759306,0.9548,0.4091,-0.26304079027175903
24,0.9194589352276059,0.33044074369727,-0.23224980284850058,0.9541,0.4289,-0.26755159711837767
25,0.9264155982905983,0.3449185363247863,-0.2376056115150961,0.9559,0.4488,-0.2712376561164856
26,0.9244791666666666,0.34889155982905984,-0.23707324769507107,0.9547,0.4653,-0.2749083469390869
27,0.9232544142208742,0.3707865168539326,-0.2426538032172133,0.9541,0.4814,-0.27846482090950014
28,0.9257478632478633,0.37364783653846156,-0.24452124663397798,0.9537,0.4976,-0.2817074384689331
29,0.9210570245726496,0.3885884081196581,-0.24611617876296368,0.953,0.5119,-0.2848832805633545
30,0.9243245050510408,0.3934423488815434,-0.2481830423531397,0.9538,0.5211,-0.28755232543945314
31,0.9268830128205128,0.4049479166666667,-0.2518294324350153,0.9538,0.5337,-0.29020841884613036
32,0.9221921741452992,0.40379607371794873,-0.24913436101160497,0.9549,0.5459,-0.29267582311630247
33,0.9244415462814339,0.4106474050453731,-0.2518966934973062,0.9545,0.5514,-0.2943310538291931
34,0.9238448183760684,0.42058961004273504,-0.2540838337288453,0.9539,0.5612,-0.29660263862609865
35,0.9227263621794872,0.426181891025641,-0.2551434689288975,0.9539,0.5661,-0.29893095664978026
36,0.9229701712464444,0.43072833067405153,-0.25663570869951213,0.9537,0.5729,-0.30055517826080325
37,0.9253973023504274,0.43626469017094016,-0.2586121094277781,0.9542,0.5822,-0.3026310203552246
38,0.9258814102564102,0.4397536057692308,-0.2596374954550694,0.9536,0.5875,-0.3040879564285278
39,0.9276685393258427,0.4481507490158336,-0.26201969995863494,0.9535,0.5961,-0.3061107855796814
40,0.9247963408119658,0.4543770032051282,-0.26259776160248327,0.9539,0.6015,-0.3075105877876282
41,0.9226595886752137,0.44931891025641024,-0.26172031857009626,0.9546,0.6068,-0.3090472930908203
42,0.9254447565543071,0.46044007489042144,-0.26427405259391085,0.9544,0.6136,-0.3102358812332153
43,0.9243956997863247,0.4599525908119658,-0.2639606828427213,0.956,0.6185,-0.31218654527664186
44,0.9249465811965812,0.46404246794871795,-0.2654868309887556,0.9552,0.6203,-0.3132099437713623
45,0.9265482879501412,0.468599518459069,-0.26718512644673365,0.9548,0.6215,-0.31429196434020995
46,0.9229600694444444,0.47036925747863245,-0.2668275396283875,0.9543,0.63,-0.3158961956501007
47,0.9248130341880342,0.4736411591880342,-0.2681224042088048,0.9556,0.6337,-0.31704247879981995
48,0.924424826205893,0.4733313268649508,-0.2680402497131599,0.9554,0.6356,-0.31746289134025574
49,0.9290030715811965,0.4766125801282051,-0.270711810192746,0.9551,0.6407,-0.3185723331928253
50,0.9246461004273504,0.47925013354700857,-0.2706683834330139,0.9537,0.6422,-0.31930960083007814
51,0.9256955591544166,0.4832463883792353,-0.27117403274937196,0.9564,0.6445,-0.320147584104538
52,0.9236444978632479,0.4839409722222222,-0.27044993129550904,0.9553,0.6519,-0.32136083602905274
53,0.9222756410256411,0.4854934561965812,-0.270174329670576,0.9561,0.6506,-0.32161169905662534
54,0.9268659711075441,0.48650682178201876,-0.2720896513816697,0.9564,0.6514,-0.32256541147232054
55,0.9251635950854701,0.49041800213675213,-0.2735281067653599,0.9558,0.6516,-0.32323821535110475
56,0.9274839743589743,0.4967948717948718,-0.2758571794336168,0.9555,0.6561,-0.32390387315750124
57,0.9283039059276693,0.49339553237025147,-0.27516144542785936,0.9552,0.6561,-0.3246735654830933
58,0.9245626335470085,0.4988147702991453,-0.2754173999986587,0.955,0.6585,-0.3255626220226288
59,0.9243456196581197,0.49781316773504275,-0.27596687057461494,0.9552,0.6614,-0.3264135667800903
60,0.924775949705725,0.5034109149596601,-0.27607647007069147,0.9558,0.6619,-0.3266177098751068
61,0.9282017895299145,0.5051415598290598,-0.2785420334683015,0.9547,0.6613,-0.3273570611000061
62,0.9286692040598291,0.5041566506410257,-0.278705281452236,0.9548,0.6641,-0.32769210138320926
63,0.9283875066561773,0.5009196093849092,-0.2773576631241141,0.955,0.6671,-0.3285622076511383
64,0.9297876602564102,0.5116853632478633,-0.28123448693599457,0.954,0.6693,-0.3285518720626831
65,0.9273671207264957,0.5046741452991453,-0.2783774899111854,0.9542,0.6711,-0.3290967438697815
66,0.928253745318352,0.5134931782339268,-0.28090450850127535,0.9552,0.6725,-0.32983320150375367
67,0.9241953792735043,0.5070612980769231,-0.27807326191383547,0.955,0.6763,-0.33027977442741396
68,0.9266659989316239,0.5067775106837606,-0.278705157753494,0.956,0.6739,-0.33022878732681277
69,0.9269662921348315,0.5145298287535556,-0.28087297903145614,0.9558,0.677,-0.33106706247329715
70,0.9265658386752137,0.5174779647435898,-0.2819002075518808,0.9558,0.6769,-0.3314490454673767
71,0.9273003472222222,0.5177617521367521,-0.2820207787056764,0.9553,0.681,-0.33197989320755006
72,0.9310961744567173,0.5112693954305001,-0.28033457475591306,0.9553,0.6809,-0.3322977717876434
73,0.9297208867521367,0.5155749198717948,-0.28149022980250865,0.9551,0.6823,-0.3326364079475403
74,0.9267327724358975,0.5152243589743589,-0.28128962451194084,0.9567,0.6826,-0.33291834149360655
75,0.9291566346596115,0.5239600052866724,-0.28482021314055606,0.9558,0.6832,-0.3335622480392456
76,0.9272168803418803,0.5168770032051282,-0.2819070752678264,0.9556,0.683,-0.3335238809585571
77,0.9279180021367521,0.5169938568376068,-0.28271563749155426,0.9551,0.6857,-0.3338624950885773
78,0.9307116105506738,0.5198635633072156,-0.28411192314199996,0.9543,0.6861,-0.3339629821777344
79,0.9285022702991453,0.5231203258547008,-0.2840362197886675,0.9554,0.6874,-0.3347111827850342
80,0.9256477029914529,0.5196314102564102,-0.28259511432077133,0.9546,0.6896,-0.3351302631855011
81,0.9299090422685928,0.5257657837937898,-0.28539216711343834,0.9562,0.6926,-0.3357904773235321
82,0.9314903846153846,0.5308827457264957,-0.2879977782185261,0.9561,0.6911,-0.3361920753955841
83,0.9261985844017094,0.5252403846153846,-0.2850552414281246,0.9554,0.6937,-0.33667987098693847
84,0.9281701444622793,0.5203150080256822,-0.28490525976804054,0.9564,0.694,-0.33738550634384157
85,0.9297375801282052,0.5345719818376068,-0.28799845520247763,0.957,0.6956,-0.3377008505344391
86,0.931373530982906,0.5385783920940171,-0.2902441515754431,0.9573,0.6978,-0.3379480692863464
87,0.9298254414444113,0.5317014445909017,-0.2871366696538869,0.957,0.6986,-0.338122909784317
88,0.9322415865384616,0.5283954326923077,-0.28700626437735355,0.9569,0.7004,-0.33813686685562133
89,0.9307224893162394,0.5334535256410257,-0.2876596157240052,0.9568,0.702,-0.33857898297309874
90,0.9301765649761344,0.53395866780054,-0.2893440868045762,0.9572,0.7015,-0.3389823281288147
91,0.9323918269230769,0.5312833867521367,-0.28805587905594426,0.9569,0.7019,-0.3397260139942169
92,0.9297876602564102,0.5352230235042735,-0.2895226714511712,0.9573,0.7036,-0.3395657637119293
93,0.9306447298020332,0.5367007758159443,-0.2891677558709109,0.9576,0.7052,-0.340080846786499
94,0.9308226495726496,0.5374766292735043,-0.2897067087200972,0.9576,0.7053,-0.3402705572128296
95,0.9328592414529915,0.5314670138888888,-0.2890743233072452,0.9583,0.7062,-0.3404295500278473
96,0.9323836276083467,0.5410647405986163,-0.29106433363506795,0.9576,0.707,-0.34075258975028994
97,0.9287526709401709,0.5374265491452992,-0.2885558230754657,0.959,0.7067,-0.3411085831642151
98,0.9319577991452992,0.534004407051282,-0.2897220713078466,0.9582,0.7085,-0.3411850079536438
99,0.9310794542217203,0.5455959069020867,-0.29210361876610197,0.958,0.7075,-0.34172870121002197
100,0.9310396634615384,0.5377437232905983,-0.2904622540132612,0.9584,0.7089,-0.3419745729446411
101,0.9325253739316239,0.5354901175213675,-0.2902111114981847,0.9587,0.711,-0.3423356158256531
102,0.9312299357945425,0.5394930444406659,-0.29112132655037093,0.9594,0.7116,-0.3424083233833313
103,0.9322749732905983,0.5419671474358975,-0.2923407688991636,0.9591,0.7107,-0.34241664547920225
104,0.9304720886752137,0.5432525373931624,-0.29152260975450534,0.9588,0.7123,-0.34252083940505984
105,0.9344234885284134,0.5425528357091468,-0.2935137044401204,0.9587,0.7126,-0.34299525656700136
106,0.9302383814102564,0.5444210737179487,-0.291439317071285,0.9588,0.7136,-0.3432789179801941
107,0.9325253739316239,0.5438701923076923,-0.29263699347646827,0.9579,0.714,-0.3433593065738678
108,0.932584269758595,0.5460640716960942,-0.29312630464138995,0.9578,0.7148,-0.34346059765815734
109,0.9314736912393162,0.5420005341880342,-0.29214145061679375,0.9576,0.7183,-0.34372890796661376
110,0.9323584401709402,0.5472088675213675,-0.293190671911097,0.9578,0.717,-0.34395975799560546
111,0.9319656233598741,0.5425193954145545,-0.2919283218725663,0.9585,0.7176,-0.3447447630882263
112,0.9346955128205128,0.5493790064102564,-0.29487649268574184,0.9584,0.7183,-0.34449431004524234
113,0.9350460737179487,0.5535690438034188,-0.29671967609061134,0.9581,0.7192,-0.3454037838459015
114,0.9320993846976993,0.5482544141252006,-0.2931457224091213,0.9584,0.718,-0.34535738887786865
115,0.9329427083333334,0.5459902510683761,-0.2951092375521986,0.9578,0.721,-0.34546195449829104
116,0.9323751335470085,0.5524005074786325,-0.2951362722704553,0.9581,0.7189,-0.3457292040348053
117,0.9341058052434457,0.5550428036383093,-0.296240140117382,0.9583,0.7181,-0.3459117537498474
118,0.9330428685897436,0.5521501068376068,-0.2961170707120855,0.9578,0.72,-0.34586181144714356
119,0.9322749732905983,0.5476595886752137,-0.2941831722855568,0.9567,0.7206,-0.3460680149078369
120,0.9329688336327473,0.5501772338148743,-0.2948206020843032,0.9578,0.7208,-0.34613262720108035
121,0.9321247329059829,0.547409188034188,-0.29387852024191463,0.9573,0.7222,-0.3460383031845093
122,0.9330929487179487,0.5560563568376068,-0.2965057123547945,0.9569,0.723,-0.346304306602478
123,0.9366138308937375,0.5506453986726642,-0.296377310831321,0.9579,0.7231,-0.3466769962310791
124,0.9334602029914529,0.5519163995726496,-0.29519795104224456,0.9574,0.7249,-0.34681991443634036
125,0.931640625,0.5504306891025641,-0.29463698835963875,0.9579,0.7238,-0.3467525698661804
126,0.933637640417547,0.5454621456280438,-0.2945827224504635,0.9579,0.7253,-0.3472421275138855
127,0.9320078792735043,0.5504807692307693,-0.29417193801993996,0.9582,0.7246,-0.34725722370147705
128,0.9352964743589743,0.5558059561965812,-0.2962318462693793,0.9578,0.725,-0.34734925374984743
129,0.9354601390799333,0.5521669342053517,-0.2960652515906073,0.9574,0.7271,-0.3472649604797363
130,0.9346788194444444,0.5617988782051282,-0.2978575597716193,0.958,0.7261,-0.3475910216331482
131,0.9316072382478633,0.5495459401709402,-0.2953188779135036,0.9581,0.7277,-0.3475369731426239
132,0.9345739699736708,0.551397806217863,-0.29583188755873246,0.9592,0.7268,-0.34787654933929446
133,0.9363982371794872,0.5593115651709402,-0.2979769806067149,0.959,0.7287,-0.3482454655647278
134,0.9345285790598291,0.5519998664529915,-0.2959918643419559,0.9579,0.7286,-0.34842883806228636
135,0.9356607812620727,0.5569154628781217,-0.2975172949003114,0.9585,0.7308,-0.34858394384384156
136,0.9351796207264957,0.5555722489316239,-0.2970249902488839,0.9579,0.7284,-0.34845894870758054
137,0.9351462339743589,0.5517327724358975,-0.2958708504198963,0.9585,0.7298,-0.3488839044094086
138,0.9357945425361156,0.5558119315301243,-0.2982883391500221,0.959,0.7305,-0.3489622218608856
139,0.9340110844017094,0.5585269764957265,-0.29853985700597113,0.9595,0.7305,-0.3491492667198181
140,0.9357471955128205,0.5545038728632479,-0.298126190327681,0.9595,0.7299,-0.3495483718395233
141,0.934490369277054,0.5585707597964712,-0.29765481032618485,0.9593,0.7313,-0.3497666711807251
142,0.9376335470085471,0.5557057959401709,-0.2983584451751831,0.9589,0.7329,-0.3497240122795105
143,0.9332932692307693,0.5528011485042735,-0.29561421568067664,0.9593,0.7329,-0.3498306416034698
144,0.9363797484329514,0.5593231675011261,-0.298187925686104,0.9592,0.7332,-0.34969188957214353
145,0.9339610042735043,0.5585269764957265,-0.2970062755366676,0.9586,0.7347,-0.34952024960517886
146,0.9349626068376068,0.5592781784188035,-0.2982388003132282,0.9586,0.734,-0.3496631360530853
147,0.9341894061951921,0.5510968432635659,-0.29625493709003947,0.9585,0.7331,-0.350033947467804
148,0.9342614850427351,0.5594784989316239,-0.29800028366665554,0.9592,0.7354,-0.35059445757865904
149,0.9339943910256411,0.5671407585470085,-0.30016995915490335,0.9585,0.7337,-0.3507180675983429
150,0.9365302300057735,0.5658105938366992,-0.30084835095734697,0.9585,0.7354,-0.35103393325805665
151,0.9350460737179487,0.5629173344017094,-0.30013265760026425,0.9598,0.7362,-0.35146329154968264
152,0.9332932692307693,0.557792467948718,-0.29852238851479995,0.9593,0.7382,-0.35152696294784547
153,0.9335038790797218,0.5657437132794058,-0.29988604662825297,0.9596,0.7366,-0.3517373798370361
154,0.9353632478632479,0.5637520032051282,-0.29962216082037,0.96,0.7376,-0.3520786280632019
155,0.9347789797008547,0.5616486378205128,-0.29930218232747835,0.9596,0.738,-0.352197118806839
156,0.9354266987693954,0.5622324771967847,-0.30010376198525224,0.9592,0.7369,-0.352047373008728
157,0.9356470352564102,0.5704126602564102,-0.30051984122166264,0.9585,0.7398,-0.35229580240249636
158,0.9354801014957265,0.5694945245726496,-0.30184881274516767,0.9593,0.741,-0.35283339314460754
159,0.935827982942327,0.5660112359550562,-0.3015238591666653,0.9597,0.7388,-0.35253707790374755
160,0.9329760950854701,0.5678919604700855,-0.3006697442923856,0.9594,0.7387,-0.3524602982997894
161,0.9399539262820513,0.5661224626068376,-0.3027511496956532,0.9597,0.7406,-0.3529824706554413
162,0.935008694552814,0.5649077046548957,-0.3012131829514358,0.9598,0.74,-0.35283280868530276
163,0.9377170138888888,0.5627837873931624,-0.30074802505919057,0.9596,0.7428,-0.3528929552078247
164,0.9353799412393162,0.566673344017094,-0.3015604871205794,0.9599,0.7436,-0.35298113489151
165,0.9346742911604141,0.5696395131723966,-0.3013561106321326,0.9598,0.7418,-0.3527570222854614
166,0.9357638888888888,0.5665731837606838,-0.3011914290742487,0.9602,0.7422,-0.3534607563495636
167,0.9359809027777778,0.5702958066239316,-0.30141134954925275,0.9599,0.7423,-0.35345302057266237
168,0.9375,0.5667803638309257,-0.3019854110182767,0.9598,0.742,-0.35367472229003905
169,0.9352630876068376,0.568359375,-0.3021329550597912,0.9598,0.7426,-0.3538963775634766
170,0.9375500801282052,0.5710637019230769,-0.3026243180800707,0.9594,0.7422,-0.35353761606216433
171,0.9337045211661876,0.567031166399144,-0.30076854575949596,0.9596,0.7417,-0.3532873685836792
172,0.9334101228632479,0.5643195779914529,-0.3009095386498504,0.9594,0.7422,-0.35327737369537354
173,0.9352964743589743,0.5676916399572649,-0.30094947538569444,0.9597,0.7439,-0.3535834379196167
174,0.9356775012419402,0.566713483241741,-0.3008645882320761,0.9604,0.7432,-0.35349710445404053
175,0.9355802617521367,0.5623163728632479,-0.2995046272746518,0.96,0.7441,-0.35346349906921387
176,0.9339276175213675,0.5701789529914529,-0.30238407391768235,0.9601,0.7446,-0.35402974529266357
177,0.9347578918889221,0.5687533439704605,-0.3008628369908463,0.9604,0.746,-0.35370748891830445
178,0.9345786591880342,0.5687934027777778,-0.3013022987761049,0.9612,0.7447,-0.35446491746902464
179,0.935012686965812,0.5664396367521367,-0.30146403763538754,0.9614,0.7443,-0.35404472970962525
180,0.9377340824926773,0.5663623596462354,-0.3014194746270034,0.961,0.7448,-0.3542856840133667
181,0.935279780982906,0.5703125,-0.30144866785177815,0.9608,0.7438,-0.3538487446784973
182,0.9352297008547008,0.5689937232905983,-0.30160855998595554,0.9607,0.7447,-0.3543107935905457
183,0.9347578919208133,0.5700240771422226,-0.30292557193481584,0.9612,0.745,-0.3544762174129486
184,0.9354133279914529,0.5696280715811965,-0.30185795944725347,0.9601,0.7442,-0.35447839193344116
185,0.9351295405982906,0.5688768696581197,-0.3018778589928252,0.9606,0.7445,-0.3543688113212585
186,0.9320659443552702,0.5705256821192032,-0.30141501186874986,0.9588,0.7462,-0.35456236543655395
187,0.9355134882478633,0.5676415598290598,-0.3016633474164539,0.9598,0.7441,-0.3544979148387909
188,0.9388187767094017,0.5720319177350427,-0.3032948033422486,0.9593,0.7482,-0.35488275814056397
189,0.9384697698985529,0.5714452915678948,-0.3035549627484454,0.9595,0.7466,-0.3552579022884369
190,0.9346287393162394,0.571731436965812,-0.3025760769079893,0.9608,0.7464,-0.35508559560775754
191,0.9359642094017094,0.5792935363247863,-0.3051349844815385,0.9602,0.7483,-0.35553503799438474
192,0.935192616436174,0.579654895570458,-0.30380006323465375,0.9603,0.7478,-0.35592413034439085
193,0.9392194177350427,0.5779413728632479,-0.3046947916348775,0.9604,0.7485,-0.35565218744277954
194,0.9355969551282052,0.5730168269230769,-0.3028340373411138,0.9599,0.7478,-0.35583565950393675
195,0.9383527287319422,0.5741205190419513,-0.3044812006227086,0.9612,0.7467,-0.35561022243499757
196,0.9332264957264957,0.5695946848290598,-0.3023984115729984,0.9608,0.7481,-0.35558039784431456
197,0.9392861912393162,0.5755709134615384,-0.3046609364513658,0.96,0.7465,-0.35565001282691955
198,0.9387038522317742,0.5748562065913372,-0.30495632313482895,0.9605,0.7456,-0.35575387344360354
199,0.9364149305555556,0.5769063835470085,-0.30551805913957775,0.9602,0.7484,-0.3558666452884674
200,0.9377003205128205,0.5812132745726496,-0.3055783810141759,0.9611,0.7488,-0.35648957862854
201,0.9395398608881755,0.5772639112143417,-0.3055695082460131,0.9611,0.7469,-0.3561717525959015
202,0.9337272970085471,0.577857905982906,-0.3051192163147478,0.9609,0.748,-0.3563453722476959
203,0.9373998397435898,0.5798444177350427,-0.30500446572008294,0.9605,0.748,-0.35584985513687134
204,0.9357443821181455,0.5725989833179166,-0.3030856339736314,0.9596,0.7505,-0.3558803426742554
205,0.9368489583333334,0.5763388087606838,-0.3048881107670629,0.9605,0.7507,-0.35672610177993774
206,0.9373664529914529,0.5744357638888888,-0.3051018506352209,0.9603,0.7503,-0.35706492090225217
207,0.939222177635099,0.5757590958050319,-0.3053939343933883,0.9602,0.7507,-0.3567431163787842
208,0.9375333867521367,0.5727831196581197,-0.30364618507715374,0.9602,0.7492,-0.356541682100296
209,0.9361478365384616,0.5765224358974359,-0.30390404814328903,0.9603,0.7498,-0.3566256996631622
210,0.934791332358916,0.5765282235533365,-0.304864309732132,0.9609,0.7519,-0.3565445689678192
211,0.9379674145299145,0.5771567841880342,-0.30533313216307223,0.9611,0.7521,-0.3567710834026337
212,0.9400874732905983,0.5770065438034188,-0.3063129255404839,0.9611,0.7534,-0.35688510642051696
213,0.9357945426317892,0.5769127875869449,-0.3051255683231762,0.9604,0.7519,-0.35722526755332945
214,0.9384014423076923,0.5773404113247863,-0.3064732537565068,0.9608,0.7512,-0.35695584383010864
215,0.9389022435897436,0.5757545405982906,-0.3068509366140406,0.9611,0.7526,-0.35752750716209414
216,0.9383527286362686,0.5810092295664017,-0.306522415483489,0.9608,0.7523,-0.3574399507522583
217,0.9377837873931624,0.5836171207264957,-0.3067471714865448,0.9605,0.7523,-0.35760103845596314
218,0.937232905982906,0.5808293269230769,-0.30644061741156453,0.9604,0.7537,-0.35771078419685365
219,0.936128945864733,0.5742710005350454,-0.3057840033735803,0.961,0.7544,-0.3578393066883087
220,0.939987313034188,0.5819978632478633,-0.3069476852686996,0.9614,0.7556,-0.35820707006454466
221,0.9400040064102564,0.5858540331196581,-0.3081969747431258,0.9612,0.7537,-0.35822193303108213
222,0.9358781434240795,0.5835506955591225,-0.3068911911747301,0.9601,0.7537,-0.3582433780670166
223,0.9398036858974359,0.5802116720085471,-0.30729335100732297,0.9608,0.7535,-0.3579362352371216
224,0.9384014423076923,0.5744023771367521,-0.3059020790661502,0.9609,0.7546,-0.35821449389457705
225,0.9374331192194681,0.5857911985018727,-0.30740387226694593,0.9604,0.7536,-0.35814049224853517
226,0.9403712606837606,0.5898938301282052,-0.3098247848514818,0.9611,0.7543,-0.3579597147464752
227,0.9375667735042735,0.5777744391025641,-0.3057905585847349,0.9607,0.7553,-0.35831538195610046
228,0.9367475921996715,0.5735353129697139,-0.30426407212749274,0.9611,0.7524,-0.35794069595336914
229,0.9372162126068376,0.5800280448717948,-0.3068754251441385,0.9606,0.7558,-0.3576493043899536
230,0.9379173344017094,0.5733340010683761,-0.3052456650851119,0.96,0.7534,-0.35785339646339415
231,0.9363797485605161,0.5843031032956686,-0.30704899172913014,0.9601,0.7544,-0.35797415585517883
232,0.9384515224358975,0.580612313034188,-0.30705233491384065,0.9607,0.7553,-0.35795393581390383
233,0.9370325854700855,0.5771400908119658,-0.30541058387766534,0.9602,0.7557,-0.3575591917514801
234,0.9405597913322632,0.5833500536002215,-0.3072541341097869,0.9607,0.7549,-0.357678475189209
235,0.9394865117521367,0.5813635149572649,-0.3071409549213882,0.9591,0.7573,-0.35780869245529173
236,0.9388688568376068,0.5779580662393162,-0.305101091408322,0.9602,0.7598,-0.35823296785354614
237,0.9363630283574104,0.5810259496738338,-0.3068495923149962,0.9606,0.7584,-0.3585929261684418
238,0.9384181356837606,0.5806623931623932,-0.3062672054028919,0.9607,0.7592,-0.3580821273326874
239,0.9384181356837606,0.5829660790598291,-0.30689856690219325,0.9612,0.7608,-0.35843684873580933
240,0.9389880952699864,0.5817449170360596,-0.3072617424082922,0.9605,0.7591,-0.35858697652816773
241,0.9344451121794872,0.5764556623931624,-0.3051850282483631,0.9609,0.7581,-0.35840081577301025
242,0.9371661324786325,0.5790431356837606,-0.30602660151118904,0.9609,0.7575,-0.35806067361831667
243,0.938419609353018,0.584386704087959,-0.30846430496011207,0.9614,0.7569,-0.3585749682426453
244,0.9359809027777778,0.5774739583333334,-0.3064121878427318,0.9611,0.7586,-0.3582874295711517
245,0.9367487980769231,0.5815638354700855,-0.30615071149972767,0.9615,0.7596,-0.3591319960594177
246,0.9404594702093023,0.5803069824072816,-0.30726329871458824,0.9612,0.7594,-0.3587367488861084
247,0.9402043269230769,0.588424813034188,-0.3086084449011037,0.9608,0.7604,-0.358923720741272
248,0.9382678952991453,0.5829493856837606,-0.306940974906469,0.9611,0.758,-0.3591014733314514
249,0.9394729802033173,0.5819121187800963,-0.30777445138935866,0.9609,0.7609,-0.35945304737091066
250,0.9385516826923077,0.5805455395299145,-0.3067964223714975,0.9616,0.7616,-0.35980201950073243
251,0.9396033653846154,0.5875734508547008,-0.3088158015639354,0.9613,0.7633,-0.3603430790424347
252,0.9377508025682183,0.5851725522307166,-0.3084692212271142,0.9614,0.7629,-0.3596172182559967
253,0.9363314636752137,0.5870559561965812,-0.3083903354584661,0.9623,0.7627,-0.35985117568969727
254,0.9366152510683761,0.583183092948718,-0.3073713778812661,0.9617,0.762,-0.3596711046695709
255,0.9404594703687583,0.5891185125097863,-0.30872598317550937,0.9616,0.762,-0.3597643352508545
256,0.9383179754273504,0.5893930288461539,-0.3086767809895369,0.9609,0.7648,-0.3599093152046204
257,0.9383680555555556,0.5840845352564102,-0.30709454939406144,0.9611,0.7623,-0.35982782917022704
258,0.9383694488074832,0.5853397538471885,-0.30803960156734134,0.9615,0.7629,-0.3604101085662842
259,0.9388354700854701,0.5817808493589743,-0.30702422712093747,0.9621,0.7622,-0.3604208144187927
260,0.9410223023504274,0.5907118055555556,-0.3104410591161149,0.9621,0.7638,-0.3608064187526703
261,0.9397572231139647,0.586643927265706,-0.30859021251695307,0.9619,0.763,-0.3605740825176239
262,0.9385182959401709,0.5779747596153846,-0.30657267143838424,0.9622,0.7647,-0.36040065512657166
263,0.9384181356837606,0.5870559561965812,-0.3086921386102326,0.9622,0.7618,-0.36058989744186404
264,0.9396401818197893,0.5823970036815359,-0.30766407600885537,0.9616,0.7653,-0.36049064807891845
265,0.9399706196581197,0.5892761752136753,-0.3101022821715754,0.9612,0.7637,-0.36077237877845764
266,0.9410723824786325,0.5844350961538461,-0.3091600579965828,0.9613,0.763,-0.3605601523399353
267,0.940275548453507,0.5879146602142298,-0.3097748625335877,0.9617,0.764,-0.36147566857337954
268,0.9377337072649573,0.5914797008547008,-0.3103188687028029,0.9613,0.7653,-0.3612051873207092
269,0.9382345085470085,0.5897435897435898,-0.30943573062491214,0.9621,0.7655,-0.36140780158042907
270,0.9388543339640524,0.5873127341780706,-0.30923897216127416,0.962,0.7647,-0.3612951090335846
271,0.9395365918803419,0.5888755341880342,-0.310545776771684,0.9614,0.7651,-0.3614143389701843
272,0.9409722222222222,0.5893763354700855,-0.31053373134798473,0.9622,0.764,-0.3615592462539673
273,0.9408774746172309,0.594301765618189,-0.310801817284605,0.9614,0.7639,-0.36160188612937927
274,0.9415564903846154,0.5943342681623932,-0.3126118566490646,0.9618,0.7632,-0.3613936942577362
275,0.9381844284188035,0.5849358974358975,-0.30914709322218203,0.9615,0.7628,-0.3611767043590546
276,0.9394897003745318,0.5904895666131621,-0.309972335639773,0.9615,0.766,-0.36153781566619875
277,0.9407385149572649,0.5906951121794872,-0.31120197411276335,0.9615,0.767,-0.36193343682289125
278,0.938651842948718,0.5848524305555556,-0.30920179430236167,0.9618,0.765,-0.3620266356468201
279,0.9396569020866774,0.5936496789089303,-0.3122823018323552,0.9623,0.765,-0.362038063621521
280,0.9401709401709402,0.5916633279914529,-0.31099459134105945,0.9625,0.7668,-0.3618111488342285
281,0.9401876335470085,0.5891593215811965,-0.3106817154802828,0.9621,0.7663,-0.36204845485687254
282,0.9390215355805244,0.5935995184909603,-0.3105039121378801,0.9626,0.7664,-0.36205894865989685
283,0.9402043269230769,0.5910623664529915,-0.31019729821600467,0.9619,0.7673,-0.3621679908275604
284,0.9431590544871795,0.5887753739316239,-0.3114335948330724,0.9622,0.766,-0.36206820464134215
285,0.940275548453507,0.5905564472661291,-0.3100426337532719,0.9626,0.7638,-0.36188129296302796
286,0.9410723824786325,0.5923477564102564,-0.311327278168283,0.9626,0.7661,-0.3623048997879028
287,0.9406550480769231,0.5858540331196581,-0.310451178978651,0.9631,0.7662,-0.3622311308860779
288,0.9392723380530691,0.5880149812734082,-0.30949896569236707,0.9632,0.7674,-0.3622815716266632
289,0.9426916399572649,0.5920806623931624,-0.3122846031418213,0.9619,0.7683,-0.3625529290676117
290,0.9410890758547008,0.5934495192307693,-0.31160147475381184,0.962,0.7696,-0.3628563738822937
291,0.9413121991007005,0.5957062600002115,-0.31181131516184124,0.9629,0.7679,-0.3627353052139282
292,0.9412059294871795,0.5891927083333334,-0.3103858978829832,0.962,0.7682,-0.36272229113578797
293,0.9408219818376068,0.5893596420940171,-0.30905978107809,0.9624,0.7674,-0.3623154914855957
294,0.9396401818197893,0.5947866506153023,-0.3117330519351939,0.9622,0.7678,-0.3625405746459961
295,0.9384348290598291,0.590110844017094,-0.3094124843676885,0.9619,0.766,-0.3625342355251312
296,0.9416566506410257,0.5967047275641025,-0.3121602633952076,0.9616,0.769,-0.3623509267807007
297,0.9394228197215648,0.5908072498662387,-0.3109438219384244,0.961,0.77,-0.3625614441871643
298,0.9412560096153846,0.5921140491452992,-0.3119563395396257,0.961,0.766,-0.36232108302116395
299,0.9383346688034188,0.5907618856837606,-0.3096599692844937,0.9619,0.7669,-0.3625071459770203
300,0.9411617174959872,0.5967261904761905,-0.3122841607223162,0.9623,0.7683,-0.36269251213073733
301,0.9378004807692307,0.5899105235042735,-0.3107659336593416,0.9618,0.7678,-0.3631146439552307
302,0.9408219818376068,0.5862212873931624,-0.31064916427573586,0.9626,0.7672,-0.36307548761367797
303,0.9424324505082932,0.5952380952380952,-0.31265129889633136,0.9622,0.767,-0.36337723741531375
304,0.9416566506410257,0.5860543536324786,-0.31017563084506583,0.9619,0.7696,-0.3631508623123169
305,0.9394698183760684,0.5961538461538461,-0.3120330137829495,0.9624,0.7693,-0.36334659786224366
306,0.9416466024931004,0.5921281433921883,-0.3119166915495808,0.962,0.7686,-0.3635698447227478
307,0.9408887553418803,0.589576655982906,-0.310675374399393,0.9621,0.77,-0.36318727097511294
308,0.9407051282051282,0.5992254273504274,-0.31366900698496747,0.9613,0.769,-0.36331877245903016
309,0.9413957997973174,0.5928638309256287,-0.3121919199513394,0.9621,0.7685,-0.3633423098564148
310,0.9407051282051282,0.5894264155982906,-0.3111027365184238,0.9624,0.7699,-0.3633064442157745
311,0.9393195779914529,0.5877069978632479,-0.30973609492310095,0.9611,0.7691,-0.3632272614479065
312,0.9410446763612677,0.5968599518777981,-0.312936570983701,0.9626,0.7707,-0.3636672969341278
313,0.9405215010683761,0.58984375,-0.3115430360930598,0.962,0.7712,-0.3633988444328308
314,0.9393362713675214,0.5953358707264957,-0.3117407168715428,0.9613,0.7726,-0.36345215663909913
315,0.9409610753457389,0.5967930711610487,-0.3129884409292169,0.9619,0.7717,-0.36360692720413207
316,0.9390024038461539,0.591262686965812,-0.3113182052715212,0.9608,0.7731,-0.3639446853160858
317,0.9399706196581197,0.5937666933760684,-0.31257277357782054,0.9614,0.7732,-0.3641673622131348
318,0.9404093098551146,0.5956895398927794,-0.31210427615271336,0.9618,0.7732,-0.3638867233276367
319,0.9420739850427351,0.5969050480769231,-0.31305032873000854,0.9614,0.7717,-0.3641852423667908
320,0.9429587339743589,0.5958366720085471,-0.3129809875773568,0.9618,0.7721,-0.3641689419746399
321,0.9379180042803639,0.5954387372926698,-0.31092001192387314,0.9623,0.772,-0.36432831172943114
322,0.9398370726495726,0.5967715010683761,-0.3129856650136475,0.9618,0.7736,-0.3643585461616516
323,0.939987313034188,0.5928652510683761,-0.31083165128261614,0.962,0.7739,-0.3641919659614563
324,0.9403925897157913,0.5981306849538865,-0.31265582530941155,0.9627,0.7732,-0.3642651609420776
325,0.9412560096153846,0.5905782585470085,-0.31158958649278706,0.9624,0.7713,-0.3640594463825226
326,0.9408386752136753,0.5911625267094017,-0.3119902508253725,0.9622,0.7718,-0.36413836522102355
327,0.9403089886683713,0.5922284643875845,-0.31102395713042297,0.9618,0.7715,-0.36442446966171266
328,0.9405048076923077,0.5954861111111112,-0.3119248448528795,0.9624,0.7718,-0.36447398614883425
329,0.9388354700854701,0.5986244658119658,-0.31230493131865805,0.9616,0.7718,-0.3643201831817627
330,0.9408440342110195,0.6003544675978574,-0.31368853369455657,0.9615,0.7699,-0.3643496079444885
331,0.9412059294871795,0.5926148504273504,-0.3122580769097703,0.9617,0.7729,-0.36450775995254514
332,0.9386017628205128,0.5935997596153846,-0.31220619870811445,0.9628,0.7745,-0.3648471996307373
333,0.9411617174640959,0.5904059656933069,-0.3109471875438721,0.9622,0.7741,-0.3644721689224243
334,0.9390024038461539,0.5969384348290598,-0.31257886993579376,0.9621,0.774,-0.3648287724494934
335,0.9426415598290598,0.6016459668803419,-0.31507857646952325,0.9629,0.7742,-0.3648174507141113
336,0.9414292402035288,0.5944856875015492,-0.3132160965805707,0.9625,0.7737,-0.36474619917869566
337,0.9431423611111112,0.5920472756410257,-0.3129292982511031,0.9625,0.7724,-0.3648349247455597
338,0.9407885950854701,0.5992421207264957,-0.3128061102878334,0.9619,0.775,-0.36456006078720093
339,0.9414459605023081,0.5997859817765625,-0.31354102658166677,0.9622,0.7731,-0.36476672682762146
340,0.9422409188034188,0.5971554487179487,-0.3138535355146115,0.9629,0.7737,-0.36465199575424195
341,0.938034188034188,0.5936832264957265,-0.3111868382901208,0.9622,0.7734,-0.36503306722640994
342,0.9404260299306556,0.5993846976674132,-0.3137369468576963,0.9623,0.7729,-0.3650853776931763
343,0.9430422008547008,0.5976729433760684,-0.31351854792262757,0.9625,0.7732,-0.36516234827041627
344,0.9409555288461539,0.5948684561965812,-0.31263110073458433,0.962,0.7728,-0.36504202003479
345,0.9409276350033098,0.5980303638309257,-0.3134702476446102,0.9619,0.7718,-0.36471901025772097
346,0.942207532051282,0.5917467948717948,-0.31179019312063855,0.9625,0.7735,-0.36496416115760805
347,0.9434428418803419,0.6008446848290598,-0.3157850263847245,0.962,0.7728,-0.3649513576030731
348,0.9410613964686998,0.6041666666666666,-0.31453642143866417,0.9612,0.7752,-0.36560056524276735
349,0.9403879540598291,0.59765625,-0.3136779613092414,0.9631,0.7768,-0.365629810667038
350,0.9419905181623932,0.5981737446581197,-0.3134644375397609,0.9627,0.7734,-0.36531879448890686
351,0.9418138042690283,0.5963249063670412,-0.3129953808998794,0.9623,0.7733,-0.3653893763065338
352,0.9403712606837606,0.5998931623931624,-0.31398825697664523,0.9612,0.7742,-0.3655078062057495
353,0.9425247061965812,0.5981737446581197,-0.3145917857814039,0.9619,0.7756,-0.36551539888381956
354,0.9416967629748528,0.5993010968432316,-0.3137874428029364,0.9619,0.7751,-0.365498868894577
355,0.9403211805555556,0.5992755074786325,-0.31375673597949183,0.9622,0.7734,-0.3653052222251892
356,0.9404547275641025,0.5985243055555556,-0.3134851634629771,0.962,0.7747,-0.3651939911842346
357,0.93937265917603,0.595522338212525,-0.3127841539820482,0.963,0.7739,-0.36538761868476866
358,0.9410223023504274,0.5951188568376068,-0.31324245914434773,0.9621,0.776,-0.36564149842262267
359,0.9433760683760684,0.5961037660256411,-0.3139401735403599,0.9626,0.7754,-0.3659985511779785
360,0.9413456393474561,0.5979802032853908,-0.3137413097167793,0.9621,0.7737,-0.36617051763534547
361,0.9438601762820513,0.5962039262820513,-0.3136776395333119,0.9628,0.7742,-0.3662051268577576
362,0.94140625,0.5989917200854701,-0.31341245649462074,0.963,0.7736,-0.3660253876686096
363,0.9399913055109684,0.5989666934189406,-0.31373601799473017,0.9625,0.7747,-0.3659792227268219
364,0.9402711004273504,0.5930488782051282,-0.31325111601851946,0.9634,0.7767,-0.36607682232856753
365,0.9412727029914529,0.5981737446581197,-0.3129443595679397,0.9631,0.7734,-0.3661188667297363
366,0.942532771439907,0.6014245584918063,-0.31558961653658385,0.9625,0.7731,-0.36618067169189455
367,0.9414897168803419,0.5980735844017094,-0.3139282103277679,0.9622,0.7742,-0.3662319234371185
368,0.9420906784188035,0.6038161057692307,-0.31497046835402137,0.9624,0.7733,-0.366208683013916
369,0.9397572232096383,0.5981975655749624,-0.3135153389570227,0.9622,0.7727,-0.36640609240531924
370,0.9413895566239316,0.599609375,-0.3141011906485272,0.9612,0.7744,-0.36663132314682007
371,0.9401208600427351,0.5941005608974359,-0.3131590684254964,0.9611,0.7752,-0.36649662113189696
372,0.9402086677367576,0.6015583199890876,-0.31495410656788697,0.9619,0.7748,-0.3665613147735596
373,0.9445446047008547,0.5987580128205128,-0.3153894457042727,0.9624,0.7753,-0.36662900943756105
374,0.9409722222222222,0.5970219017094017,-0.31398317644484025,0.9623,0.7758,-0.36653968596458436
375,0.9390884163610561,0.5978798822581034,-0.312742322380368,0.9622,0.7753,-0.3664836998462677
376,0.9408887553418803,0.5973056891025641,-0.31296995715198356,0.9624,0.7759,-0.36615384283065794
377,0.9413060897435898,0.5982572115384616,-0.3146430742409494,0.9626,0.7752,-0.3665764368057251
378,0.9402755485172895,0.601340957699516,-0.3142878037522093,0.963,0.7758,-0.3667406551361084
379,0.9415564903846154,0.5987913995726496,-0.314956387775576,0.9623,0.7755,-0.36667824268341065
380,0.9435096153846154,0.6028645833333334,-0.3162682604076516,0.9631,0.7771,-0.3668360167980194
381,0.9399411449654336,0.5983480471158933,-0.31294959887200463,0.9625,0.7778,-0.3667682928562164
382,0.9404547275641025,0.6009448450854701,-0.31435201813777286,0.9638,0.7772,-0.36665637888908387
383,0.9414563301282052,0.5927483974358975,-0.3127040124983869,0.9635,0.7763,-0.36677770385742187
384,0.9399913055109684,0.6027120117710005,-0.3155320994894794,0.9624,0.7765,-0.36663525657653806
385,0.9415898771367521,0.5972055288461539,-0.31422297032470375,0.9626,0.7765,-0.36670590858459473
386,0.9410890758547008,0.5979066506410257,-0.3148853253477659,0.9624,0.7758,-0.3665649579048157
387,0.940426029994438,0.5988496522044932,-0.31333081938481827,0.9612,0.777,-0.36653483262062075
388,0.9385683760683761,0.5976896367521367,-0.31394058319493234,0.9615,0.7783,-0.3667797394752502
389,0.9449786324786325,0.6030649038461539,-0.3173309010572923,0.9612,0.7774,-0.36724082021713256
390,0.9397739433489616,0.6016920813269128,-0.3145262310535529,0.9619,0.7761,-0.36715494585037234
391,0.9435430021367521,0.5976395566239316,-0.31488689105225426,0.9623,0.7755,-0.367050427532196
392,0.9386184561965812,0.5992254273504274,-0.3142425305186174,0.9626,0.7765,-0.36714786581993103
393,0.9409777955807359,0.5960072231139647,-0.31375150037296573,0.9622,0.7778,-0.36712068457603453
394,0.9433092948717948,0.5998430822649573,-0.315466149431518,0.962,0.7753,-0.36739514174461363
395,0.9427751068376068,0.6067040598290598,-0.3165426254272461,0.9621,0.7751,-0.36743825998306273
396,0.9410112359869474,0.5953718566715941,-0.3135926763184763,0.9618,0.7771,-0.3674721370220184
397,0.9420405982905983,0.6015291132478633,-0.3153428963871084,0.9622,0.7769,-0.3674325650215149
398,0.9432091346153846,0.5959034455128205,-0.3141882127294174,0.9628,0.7784,-0.3676650131702423
399,0.9412620385551657,0.6049190744032128,-0.31579716054751567,0.9616,0.7784,-0.3679524733543396
400,0.9416232638888888,0.6005442040598291,-0.31557483315213114,0.9622,0.7788,-0.36781571183204653
401,0.9410556891025641,0.604934561965812,-0.31574006270394367,0.9626,0.7796,-0.3677380708694458
402,0.9396569019910038,0.5975956393474561,-0.31415348533897747,0.9632,0.7795,-0.3678367872238159
403,0.9422576121794872,0.5997262286324786,-0.3151864641879359,0.9623,0.7797,-0.3676103765964508
404,0.9420739850427351,0.6019965277777778,-0.3155303781485965,0.9621,0.7784,-0.36779126076698304
405,0.9409777956126271,0.5938503210272873,-0.3126674311692986,0.9622,0.7781,-0.3675214878082275
406,0.9416065705128205,0.5977564102564102,-0.3142130355167593,0.9629,0.7793,-0.36764300718307497
407,0.9431757478632479,0.6036992521367521,-0.3166720588874613,0.9615,0.7795,-0.3676347975730896
408,0.9386704120169099,0.5951377743064815,-0.31299595164066335,0.9627,0.7806,-0.3677615159988403
409,0.9400540865384616,0.6007445245726496,-0.313939695365918,0.9628,0.78,-0.3679025115966797
410,0.9406884348290598,0.6011284722222222,-0.3152801831945395,0.9626,0.7795,-0.3681788197517395
411,0.9414961210159518,0.6001036651253127,-0.3144249647871704,0.9621,0.7782,-0.3681854348182678
412,0.9414563301282052,0.5998263888888888,-0.31470513636739844,0.9618,0.7787,-0.36818181219100954
413,0.9392027243589743,0.6017795138888888,-0.31417647048703623,0.9616,0.7795,-0.36848804383277894
414,0.9423990101977553,0.6045177902621723,-0.3157353758206018,0.9616,0.7793,-0.36837816076278684
415,0.9409054487179487,0.6036157852564102,-0.3151703489641858,0.9625,0.7815,-0.36856071100234983
416,0.9430088141025641,0.6088741987179487,-0.3183336421592623,0.9617,0.779,-0.3685192119598389
417,0.9402755483578334,0.6023274477373922,-0.31456071729963636,0.9618,0.781,-0.36853263969421385
418,0.9389523237179487,0.6006109775641025,-0.3140455085115555,0.9617,0.7794,-0.36823199815750124
419,0.9405715811965812,0.6077390491452992,-0.31612642313170636,0.9612,0.7784,-0.36830254130363466
420,0.9406099517502333,0.6026618513530304,-0.3149956940743552,0.9614,0.7806,-0.3685436462402344
421,0.9414897168803419,0.6034321581196581,-0.3156990068208458,0.962,0.7801,-0.36862301197052
422,0.9412059294871795,0.6034822382478633,-0.3148908525960058,0.962,0.7797,-0.368557298374176
423,0.9419308453399654,0.6025949705087162,-0.31610708272731386,0.962,0.7792,-0.3687473835945129
424,0.9424245459401709,0.6038828792735043,-0.3161401553159086,0.962,0.7811,-0.36869374170303343
425,0.9419571314102564,0.5986745459401709,-0.31421030809481937,0.962,0.7811,-0.3686783356666565
426,0.9407771534623789,0.6020933654360621,-0.31568056458199706,0.9611,0.781,-0.36845624513626096
427,0.9385182959401709,0.5993756677350427,-0.3147860370640062,0.962,0.7798,-0.368413632774353
428,0.9436598557692307,0.5997095352564102,-0.3154778264017187,0.9615,0.7794,-0.3683003046989441
429,0.9391218566715941,0.600989834199684,-0.3135028465537862,0.9624,0.7802,-0.36845698766708374
430,0.9405882745726496,0.6052517361111112,-0.31592622673154896,0.962,0.7798,-0.36863581342697144
431,0.9409054487179487,0.6001268696581197,-0.3148402780549139,0.9627,0.7801,-0.36913156776428224
432,0.9430845372175519,0.6023274478011746,-0.31650680037282125,0.9624,0.7807,-0.36899069685935976
433,0.9413895566239316,0.6057692307692307,-0.3163363222892468,0.9621,0.7812,-0.3690267039299011
434,0.9386685363247863,0.6017294337606838,-0.3141164204631096,0.9623,0.7808,-0.3688045678138733
435,0.9407771534623789,0.6006721509466074,-0.31524811948984943,0.9625,0.7809,-0.3688072573661804
436,0.9433259882478633,0.6005275106837606,-0.3152594551698774,0.962,0.7804,-0.36902749419212344
437,0.942825186965812,0.607956063034188,-0.3171547190246419,0.962,0.7809,-0.36916587190628053
438,0.9409777955807359,0.6013075174846516,-0.3150308495731262,0.9615,0.781,-0.36886430587768554
439,0.9419070512820513,0.6035323183760684,-0.31517366033334,0.962,0.7825,-0.3691824203491211
440,0.9409054487179487,0.6061865651709402,-0.31637345228949165,0.9623,0.781,-0.3693011419296265
441,0.9409777956445182,0.604250267618413,-0.31511522138290954,0.9625999979019165,0.7802000009536744,-0.3692224534988403
442,0.9411892361111112,0.6060697115384616,-0.3167303743907529,0.9621,0.7806,-0.3693359182357788
443,0.9435930822649573,0.6010116185897436,-0.31564921497279763,0.9624,0.7812,-0.36929267683029177
444,0.9405581551120881,0.5997326203208556,-0.3148026527567981,0.9619,0.7804,-0.3691507093429565
445,0.9422935596256572,0.6068278995189738,-0.31709292505527803,0.9614,0.7819,-0.3692498917579651
446,0.9424746260683761,0.6032986111111112,-0.31605717062185973,0.9617,0.7822,-0.36899711480140684
447,0.939020721988882,0.59834558820342,-0.31289603439244357,0.9613,0.7814,-0.36943319721221923
448,0.9430785675790462,0.6069782201712428,-0.31736885958148603,0.9616,0.7827,-0.3689862198829651
449,0.9405882745726496,0.6037159455128205,-0.31600430938932633,0.9621,0.7812,-0.3693571586608887
450,0.9376336899033205,0.6012867646740082,-0.3147093093331485,0.9623,0.7826,-0.36954720678329467
451,0.9419094067025096,0.6092330304331349,-0.31751441767609484,0.9619,0.7829,-0.3695775799751282
452,0.9400540865384616,0.6005275106837606,-0.3149186027610404,0.9622,0.7823,-0.36934600291252134
453,0.943582887764283,0.606885026737968,-0.3170897367325696,0.9624,0.7836,-0.3693368803501129
454,0.9427779262745081,0.6071452431536052,-0.31665667362674427,0.9623,0.7828,-0.3695669095993042
455,0.9422576121794872,0.6080228365384616,-0.3165431456942844,0.9618,0.7817,-0.36941575584411623
456,0.9427139037433155,0.6046624330913319,-0.3164316141987867,0.962,0.783,-0.36940139026641844
457,0.9416755745590594,0.6012660342063068,-0.3150697984617703,0.9622,0.7829,-0.3694555760383606
458,0.9433092948717948,0.6054854433760684,-0.3164175303063841,0.9616,0.7833,-0.3694081468582153
459,0.9443348930481283,0.6061831550164656,-0.31704942800781943,0.9613,0.7827,-0.36965406589508054
460,0.9426276055585249,0.6042724478888295,-0.3165494194806801,0.9617,0.783,-0.3696258385658264
461,0.9439603365384616,0.6100761217948718,-0.31760693137717044,0.9618,0.7829,-0.36969851322174074
462,0.9431149733257803,0.6069685829514488,-0.3160490025492275,0.9621,0.7836,-0.3695506639480591
463,0.9418091929768063,0.6061097006629586,-0.3158776229361937,0.9628,0.7821,-0.3691010047912598
464,0.9420072115384616,0.6046340811965812,-0.3170702235184164,0.9623,0.7823,-0.36933090600967405
465,0.9428475935828877,0.6058990641073747,-0.316980679452738,0.962,0.7829,-0.3694232005119324
466,0.9433792089791555,0.6021846606092999,-0.31633558813611945,0.9625,0.7833,-0.36931091566085816
467,0.9427751068376068,0.6047008547008547,-0.3146396998921011,0.9622,0.7812,-0.36930862917900087
468,0.9400735294117647,0.6039605614973262,-0.31553178273420285,0.9619,0.7828,-0.36926677899360655
469,0.9429449492250134,0.6056587386742943,-0.31764899793950585,0.9617,0.7826,-0.3695735197544098
470,0.9394364316239316,0.601829594017094,-0.31510195174278355,0.9622,0.7821,-0.36949121208190916
471,0.9408088235294118,0.6056149732301579,-0.3153011677577534,0.9625,0.7825,-0.3696394205093384
472,0.9422100481026189,0.6062934259754142,-0.3160054625864656,0.9622,0.7813,-0.36959193391799927
473,0.9405215010683761,0.6038661858974359,-0.31514347140860355,0.9619,0.7814,-0.3697740720272064
474,0.9416610961929363,0.6036263368665216,-0.3157332961731416,0.9611,0.7819,-0.36976264386177066
475,0.9426610101231402,0.6025354088722609,-0.31642663165058826,0.9615,0.7818,-0.3695923897743225
476,0.9403211805555556,0.6011785523504274,-0.3150027536301531,0.9611,0.7809,-0.3695067102432251
477,0.9427779262107939,0.6042223409941208,-0.3165477864535845,0.9619,0.7829,-0.3697855265617371
478,0.9438335561178585,0.6145053475935829,-0.3181769646584669,0.9614,0.7834,-0.3700034284591675
479,0.9395699786324786,0.6037660256410257,-0.31550386611722475,0.9615,0.7838,-0.36990439229011535
480,0.9403226884019241,0.604239043292357,-0.3153960961412453,0.9619,0.7828,-0.3700226947784424
481,0.9407754011013929,0.606784759390163,-0.31631694512571246,0.9619,0.7837,-0.37013504524230956
482,0.9442441239316239,0.6049512553418803,-0.3168395978645382,0.9613,0.7824,-0.3697013450622559
483,0.9407885950854701,0.5999933226495726,-0.31469414580581534,0.9619,0.7825,-0.3699731307029724
484,0.9427166935146142,0.6076444622474025,-0.3177272428989155,0.9619,0.7835,-0.3699798766136169
485,0.9400040064102564,0.6002103365384616,-0.31508031060807723,0.9618,0.7827,-0.3698831974029541
486,0.9413227831196581,0.6052183493589743,-0.31581014432968235,0.9617,0.7819,-0.369871688747406
487,0.9453919208132692,0.6025280899195317,-0.3165343554023755,0.9618,0.784,-0.3700347779273987
488,0.9405715811965812,0.6069878472222222,-0.31633708683344036,0.9616,0.7836,-0.3701450457572937
489,0.9420405982905983,0.6044671474358975,-0.3163982346399218,0.9619,0.7838,-0.3698381229877472
490,0.9418138040776811,0.6078952648794033,-0.3180757198121983,0.962,0.7827,-0.37012303371429445
491,0.9417234241452992,0.6007278311965812,-0.3156655710349735,0.9614,0.784,-0.3700433091163635
492,0.9405715811965812,0.6056690705128205,-0.3162236197764038,0.9614,0.7833,-0.3705742121219635
493,0.9406266720171215,0.605771803135155,-0.31634308433647523,0.9618,0.7829,-0.3704656253814697
494,0.9433760683760684,0.6035490117521367,-0.3155829402116629,0.9623,0.7824,-0.3705894755363464
495,0.9437266292735043,0.6078892895299145,-0.3175485311792447,0.9621,0.784,-0.37060074224472045
496,0.9433520600207672,0.6047184322848558,-0.31823457628408813,0.9624,0.7844,-0.37058508710861204
497,0.9414730235042735,0.6066873664529915,-0.3158402092054359,0.9622,0.7857,-0.37060884914398196
498,0.9427918002136753,0.6089242788461539,-0.31748715826334095,0.9621,0.7844,-0.3707320383071899
499,0.9416967630705264,0.6065074905729217,-0.31723625033918457,0.962,0.7848,-0.37063121767044066
500,0.9423410790598291,0.5983072916666666,-0.3155641318259076,0.9623,0.7838,-0.37080091609954835
501,0.9410890758547008,0.6064536591880342,-0.31701138532823986,0.9631,0.7847,-0.37075314574241636
502,0.9428504548205482,0.6113229000102779,-0.31920686829785344,0.9632,0.7844,-0.37077225456237795
503,0.9408553685897436,0.6059528579059829,-0.31587898081693894,0.9626,0.7838,-0.37083800764083863
504,0.9407885950854701,0.6087907318376068,-0.3177197554554695,0.9632,0.7847,-0.37082848868370055
505,0.9406935527338709,0.6103029695024077,-0.31777955157161075,0.9621,0.7847,-0.3709210536003113
506,0.9405882745726496,0.6088741987179487,-0.31630561640884125,0.9624,0.7833,-0.3708644055366516
507,0.9430088141025641,0.605735844017094,-0.3176602467767194,0.9627,0.7838,-0.3708744981765747
508,0.9422986891066856,0.6043505885500268,-0.3169673808186114,0.9634,0.7828,-0.3708905352115631
509,0.9413895566239316,0.6053852831196581,-0.3171541718208892,0.9624,0.7843,-0.3706971184253693
510,0.9434261485042735,0.610176282051282,-0.3187254935375646,0.963,0.7839,-0.37077274518013
511,0.9406768325945475,0.608697833129593,-0.3179646262579133,0.9628,0.7838,-0.3709258364677429
512,0.9406717414529915,0.609642094017094,-0.3171459560592969,0.9627,0.7831,-0.37090316948890684
513,0.9427918002136753,0.6049178685897436,-0.3164923969242308,0.962,0.783,-0.3708884617805481
514,0.9419642857142857,0.601959603970672,-0.31598450794393457,0.962,0.7841,-0.37095271410942077
515,0.9382011217948718,0.6082732371794872,-0.31624199997665536,0.9623,0.784,-0.37111490540504455
516,0.9419571314102564,0.6086571848290598,-0.3176650956400439,0.9626,0.7831,-0.3712382100582123
517,0.9435025415616982,0.610436730840233,-0.3184809608692916,0.962,0.7829,-0.37126402473449704
518,0.9451455662393162,0.6057191506410257,-0.31749419963512665,0.9623,0.7832,-0.371435315656662
519,0.9413895566239316,0.6092581463675214,-0.31667976329723996,0.9623,0.7853,-0.3713948819637299
520,0.942716693323267,0.6118412252860378,-0.31816160004364735,0.9622,0.7835,-0.371241916847229
521,0.9428418803418803,0.6047342414529915,-0.3175607077841066,0.9622,0.7853,-0.37121710124015805
522,0.9425914797008547,0.6095085470085471,-0.31769918179155415,0.9629,0.785,-0.371262176322937
523,0.9423822899308671,0.6060727661532346,-0.3170516969144759,0.963,0.786,-0.3713798216342926
524,0.9452123397435898,0.6119791666666666,-0.3195545602048564,0.9629,0.7857,-0.37148533930778505
525,0.9405548878205128,0.607154780982906,-0.3167145022979149,0.9624,0.7848,-0.3713938476085663
526,0.9417636436916023,0.6083968700158399,-0.31835731103370507,0.9622,0.7851,-0.3712757294654846
527,0.9399706196581197,0.6128472222222222,-0.31853208143232214,0.9624,0.7842,-0.37117555952072145
528,0.9438768696581197,0.6081229967948718,-0.3187154228998046,0.962,0.7846,-0.371361647605896
529,0.9421649277688604,0.6029126538255751,-0.31646818931948506,0.9627,0.7863,-0.3715465950012207
530,0.942558092948718,0.6030649038461539,-0.3164708796474669,0.9624,0.786,-0.37160707359313966
531,0.9400373931623932,0.6039162660256411,-0.31606860395170683,0.9625,0.7866,-0.37175724020004275
532,0.9431681380417335,0.6096843231036868,-0.3182672292966776,0.962,0.7876,-0.37183570547103884
533,0.9420739850427351,0.6072883279914529,-0.3177698215103557,0.9629,0.7856,-0.37181966218948365
534,0.942558092948718,0.6064536591880342,-0.3168566399532506,0.9627,0.7852,-0.3718517554759979
535,0.9414626805778491,0.6074438202247191,-0.31734665258802025,0.9628,0.7854,-0.37169397020339967
536,0.9428418803418803,0.6079226762820513,-0.317975447855444,0.9628,0.7857,-0.37165998854637144
537,0.9402043269230769,0.6064035790598291,-0.31707074620530135,0.9626,0.7851,-0.3715231491565704
538,0.9421482075976458,0.6140482878225765,-0.3189013066650266,0.9627,0.7859,-0.3716644362449646
539,0.9433259882478633,0.6011785523504274,-0.3168277742388921,0.9623,0.7867,-0.37179446744918826
540,0.9418402777777778,0.6054019764957265,-0.3166415806636851,0.9628,0.7856,-0.3717861350059509
541,0.9427668539644755,0.602544810058855,-0.31602979738040043,0.9631,0.7854,-0.37181423301696775
542,0.9408553685897436,0.6090077457264957,-0.31740944475954413,0.9629,0.7863,-0.37218854613304136
543,0.9420072115384616,0.6049011752136753,-0.31718245116818666,0.9628,0.7857,-0.3720245018959045
544,0.9418472446114574,0.6068251738578895,-0.31707277396517425,0.9626,0.7861,-0.3720952664375305
545,0.9393529647435898,0.6022302350427351,-0.315792429778311,0.9628,0.787,-0.37200725984573363
546,0.9423577724358975,0.6031149839743589,-0.31730967027764034,0.9633,0.7866,-0.3722551800727844
547,0.9419810057898267,0.6046013911820275,-0.31625964689088926,0.963,0.7881,-0.3722313712120056
548,0.9415898771367521,0.6096254006410257,-0.3171955382722056,0.9623,0.7879,-0.3723413002967835
549,0.9412893963675214,0.6095085470085471,-0.31826910115460044,0.9626,0.7851,-0.37230818758010864
550,0.9419810059811738,0.6071428571109659,-0.3179544804248024,0.9634,0.787,-0.3723161580085754
551,0.941940438034188,0.6047509348290598,-0.316637018806914,0.963,0.7866,-0.37243576917648313
552,0.9426415598290598,0.6080395299145299,-0.3177833948125187,0.9628,0.7868,-0.3722405424594879
553,0.9415128409958192,0.6086142321459554,-0.31793210988315174,0.9626,0.7875,-0.3721321631908417
554,0.94140625,0.6100260416666666,-0.3186715065668791,0.9627,0.787,-0.37230584979057313
555,0.9424746260683761,0.6076555822649573,-0.31710418332845736,0.9625,0.7874,-0.3723725665569305
556,0.9428170144462279,0.6068920546065301,-0.3171205727125375,0.9624,0.7879,-0.3722552109718323
557,0.9394197382478633,0.6136818910256411,-0.3187012328551366,0.9631,0.7881,-0.3724635559082031
558,0.9410890758547008,0.6141826923076923,-0.3182852356097637,0.964,0.7869,-0.3723897358894348
559,0.9405597913641545,0.6083132692235494,-0.31732506674518557,0.963,0.7873,-0.3724419633865356
560,0.9394030448717948,0.6057024572649573,-0.31697361852623457,0.9626,0.7866,-0.37251962208747863
561,0.9443609775641025,0.6074385683760684,-0.31893203923335445,0.9628,0.7883,-0.37248818860054017
562,0.9442549491068971,0.6140984482724376,-0.3194497262111254,0.9624,0.7882,-0.3725108533382416
563,0.9420072115384616,0.6040331196581197,-0.31682270516951877,0.9625,0.7878,-0.37250442571640013
564,0.9403044871794872,0.6117788461538461,-0.3186049779765626,0.9623,0.7866,-0.3725356342315674
565,0.9411951577427426,0.6056046014549006,-0.3175463956616791,0.9626,0.7876,-0.3724050422668457
566,0.9396033653846154,0.6107104700854701,-0.317262608016658,0.9621,0.7872,-0.3725173254966736
567,0.9420072115384616,0.6080228365384616,-0.31758766634087277,0.9625,0.787,-0.37232427043914795
568,0.9434022205344109,0.6088148742643125,-0.3186859896694549,0.9625,0.7868,-0.3726459297180176
569,0.9417735042735043,0.6059027777777778,-0.3171456696895453,0.9621,0.7866,-0.37262707471847534
570,0.9395866720085471,0.6085570245726496,-0.3166608900850655,0.9621,0.7867,-0.3727132614135742
571,0.94335205982942,0.6104032904340214,-0.3191880694744484,0.963,0.7883,-0.372728835105896
572,0.9431423611111112,0.6093082264957265,-0.31857118118777233,0.9626,0.787,-0.3727806415557861
573,0.9425247061965812,0.6102597489316239,-0.318432332486169,0.9628,0.7872,-0.372689997959137
574,0.9413456392836737,0.6095004013160004,-0.3178013707463789,0.9625,0.788,-0.3726037027359009
575,0.9417234241452992,0.6112613514957265,-0.31950079522326463,0.9625,0.7868,-0.3726815667152405
576,0.9424245459401709,0.6089910523504274,-0.31819717382263935,0.9625,0.7872,-0.37274415974617003
577,0.9426163724873269,0.6035814606422661,-0.317236733076214,0.9625,0.7874,-0.3728410607337952
578,0.9401041666666666,0.6111444978632479,-0.3173355449978103,0.9626,0.787,-0.37270068821907043
579,0.9442107371794872,0.605735844017094,-0.31738183946691007,0.9626,0.7872,-0.3728436638832092
580,0.9414794007490637,0.6146836543287295,-0.3192761027283564,0.9632,0.7867,-0.37274169120788575
581,0.9406550480769231,0.6038161057692307,-0.31633613424168694,0.9628,0.7874,-0.3728282153129578
582,0.9427584134615384,0.6094918536324786,-0.31822050961419046,0.9625,0.7875,-0.37286543493270874
583,0.939289058288066,0.6044676297485286,-0.31562689219393664,0.9629,0.7877,-0.37291408348083493
584,0.9428752670940171,0.6110777243589743,-0.31855631689740044,0.9634,0.7874,-0.3731354465484619
585,0.9409555288461539,0.6030482104700855,-0.3167338654016837,0.9627,0.7879,-0.37307655086517333
586,0.9389546548956661,0.6088817548853883,-0.31667205399533144,0.9631,0.7876,-0.3731913077354431
587,0.9426248664529915,0.6070713141025641,-0.31840426952410966,0.9626,0.7889,-0.3732000728130341
588,0.9413895566239316,0.6083066239316239,-0.3175214236745468,0.9624,0.7893,-0.3731219668865204
589,0.9439539861844911,0.6094836810172211,-0.31863296379565936,0.9626,0.7886,-0.373119410943985
590,0.9419571314102564,0.6104934561965812,-0.31712207198143005,0.9621,0.7882,-0.3732875841140747
591,0.9420239049145299,0.6117955395299145,-0.31877121997949404,0.9623,0.7881,-0.3733038396835327
592,0.941228598276519,0.6097512037885451,-0.3181538150041355,0.9622,0.7883,-0.37323244304656983
593,0.9406884348290598,0.6108273237179487,-0.3184420784187113,0.962,0.787,-0.37318363370895385
594,0.9387853899572649,0.6055021367521367,-0.3162563727197484,0.9621,0.7891,-0.3731729949951172
595,0.9455424022585265,0.6135132424712755,-0.3204891364353745,0.9624,0.7877,-0.3732999732971191
596,0.9399539262820513,0.6061698717948718,-0.31608288989871997,0.9622,0.7892,-0.373182598400116
597,0.9417568108974359,0.6118289262820513,-0.3190582802789843,0.9621,0.7891,-0.3732319757938385
598,0.9438369447946421,0.6164058319638285,-0.32047448742191953,0.9625,0.7891,-0.3733940312385559
599,0.9420572916666666,0.6075554220085471,-0.3170197773565594,0.9617,0.7891,-0.3734474495887756
600,0.9433426816239316,0.6074051816239316,-0.3172063097739831,0.9622,0.7887,-0.3733810708045959
601,0.9397070625046474,0.6081627876347817,-0.3163488660986376,0.9627,0.789,-0.3733824219703674
602,0.941139155982906,0.6063201121794872,-0.3180495713256363,0.9622,0.7896,-0.37351440844535827
603,0.9443609775641025,0.6131643963675214,-0.3194905174975721,0.9622,0.7893,-0.3735602940559387
604,0.9426163724873269,0.6046348314925654,-0.3169726436631829,0.9623,0.7878,-0.3735323359012604
605,0.9404547275641025,0.6087573450854701,-0.31810543183078116,0.9621,0.7896,-0.3735457098007202
606,0.9432091346153846,0.6068209134615384,-0.31847019678252375,0.9624,0.7871,-0.3735372438430786
607,0.9436530230388468,0.6087479936113455,-0.31860613189896775,0.9628,0.7886,-0.3735308759689331
608,0.9417234241452992,0.6100761217948718,-0.3175419619322842,0.9623,0.7886,-0.3735996766090393
609,0.9412893963675214,0.6078892895299145,-0.31679203991706556,0.9621,0.7891,-0.37355525197982786
610,0.9416800428355295,0.6133460406315652,-0.31880016656021437,0.9623,0.7894,-0.37343717308044433
611,0.9397869925213675,0.6090244391025641,-0.31735625761186975,0.9623,0.7897,-0.37363492431640627
612,0.9423911591880342,0.6106103098290598,-0.3180172781531627,0.9622,0.79,-0.3736154776573181
613,0.9421983681112894,0.6072933387475705,-0.31746322474676125,0.9621,0.7892,-0.3735367339134216
614,0.9439603365384616,0.6087072649572649,-0.31863616445125675,0.9617,0.7896,-0.37354302854537963
615,0.9425914797008547,0.6117120726495726,-0.3187427936583503,0.9622,0.7899,-0.37349013891220095
616,0.942549491706795,0.6130952379995646,-0.3187226156872055,0.9622,0.7902,-0.3736200900554657
617,0.941940438034188,0.6134815705128205,-0.31886639140355283,0.9621,0.7916,-0.3737140070438385
618,0.9417067307692307,0.6134481837606838,-0.31860463461305344,0.962,0.7887,-0.37361696677207945
619,0.9438536649658567,0.6068251739216718,-0.3182885510006839,0.9618,0.7893,-0.3734872756004334
620,0.9391693376068376,0.6103265224358975,-0.3188248748580615,0.962,0.7884,-0.37354104714393616
621,0.9422909989316239,0.6125300480769231,-0.318516586198766,0.9624,0.7895,-0.3735257583141327
622,0.9413790797536675,0.6084303102307042,-0.3172131096251576,0.9622,0.7892,-0.3737145276069641
623,0.9426248664529915,0.6107438568376068,-0.31860289595320695,0.9629,0.789,-0.3737389588356018
624,0.942825186965812,0.6102430555555556,-0.3182652132251324,0.9628,0.788,-0.37371581020355227
625,0.9394729801076437,0.609951845875011,-0.3179252789325418,0.9628,0.7882,-0.3738478259086609
626,0.9418569711538461,0.6093583066239316,-0.3180729745544939,0.9624,0.7893,-0.3740250422954559
627,0.9417401175213675,0.6070546207264957,-0.31721582983294105,0.9627,0.7892,-0.3739667007446289
628,0.9436530229112821,0.6135299625468165,-0.3205179805867872,0.9629,0.7883,-0.374084263086319
629,0.9417067307692307,0.608223157051282,-0.3181226280891997,0.9631,0.789,-0.37405859689712523
630,0.9407885950854701,0.6040331196581197,-0.31751330190489435,0.9635,0.7883,-0.37397344760894774
631,0.9417636435640375,0.6030296951197507,-0.3168418732730382,0.9626,0.7882,-0.3738464196205139
632,0.9415564903846154,0.6119123931623932,-0.3193846442378484,0.9626,0.7891,-0.3739442364692688
633,0.9420739850427351,0.6104767628205128,-0.31832586827441156,0.9627,0.7896,-0.3740151577472687
634,0.9411115568866699,0.6134129213164234,-0.32011144442823625,0.9629,0.7897,-0.37407223567962644
635,0.9412893963675214,0.607688969017094,-0.31754058765040505,0.9624,0.7898,-0.37407786364555357
636,0.9426415598290598,0.6065705128205128,-0.31799044682938826,0.9627,0.7888,-0.3739538511276245
637,0.9407102728094119,0.6078116639276568,-0.31744989730445633,0.9631,0.7888,-0.37406592321395876
638,0.9420906784188035,0.6114950587606838,-0.3191222482894221,0.9631,0.7883,-0.3741894104003906
639,0.9429587339743589,0.6096587873931624,-0.31796421422662896,0.9632,0.7892,-0.3741759140014648
640,0.9420980470202197,0.6099351257356875,-0.3182380916346452,0.9626,0.7884,-0.3741558251857758
641,0.9415397970085471,0.6080228365384616,-0.31812395327366316,0.9629,0.7888,-0.374157337141037
642,0.9444277510683761,0.6098257211538461,-0.31938361599404586,0.9621,0.7893,-0.3741393828392029
643,0.9443385500267523,0.6121421884316821,-0.32019986326264593,0.962,0.7885,-0.3741080551147461
644,0.9422409188034188,0.6086071047008547,-0.31785579248626006,0.9622,0.7887,-0.37408857040405274
645,0.9424245459401709,0.6077724358974359,-0.31826067340170217,0.9619,0.7893,-0.37414399719238284
646,0.9424993310974779,0.6159711074803589,-0.3200988518706996,0.9619,0.7894,-0.3741974111557007
647,0.9418402777777778,0.6099926549145299,-0.3187599242625073,0.9621,0.7896,-0.3742267025947571
648,0.9444778311965812,0.614433092948718,-0.3201389152270097,0.962,0.7883,-0.3743064043521881
649,0.9413957998929909,0.6099184056601465,-0.31815976272808033,0.9621,0.789,-0.3743645437240601
650,0.9412727029914529,0.6081229967948718,-0.31856552231260854,0.9621,0.7879,-0.3742235704421997
651,0.9429253472222222,0.6102263621794872,-0.3190778009275086,0.9624,0.7885,-0.37420344815254214
652,0.942164927705078,0.613697164258962,-0.3191435317134653,0.9626,0.7881,-0.3742015342235565
653,0.9405548878205128,0.6163361378205128,-0.31899751614556354,0.9625,0.7895,-0.37424338631629944
654,0.9433927617521367,0.6097422542735043,-0.31867010241899735,0.962,0.7893,-0.37427449083328246
655,0.9385366505515199,0.600822632423756,-0.3157363581013207,0.962,0.7887,-0.3742638739585876
656,0.9416399572649573,0.6117955395299145,-0.3185242355251924,0.9629,0.7887,-0.37430310735702516
657,0.9390357905982906,0.6087072649572649,-0.3178470609152419,0.9627,0.7881,-0.37436700992584226
658,0.9409276350033098,0.6082296683036943,-0.317698115394229,0.9626,0.7887,-0.37444271788597105
659,0.9430255074786325,0.6111278044871795,-0.3196122082762229,0.9626,0.7886,-0.3743318899154663
660,0.9429253472222222,0.6086071047008547,-0.3185673377707473,0.962,0.7872,-0.3742935072422028
661,0.9427501338570433,0.615201979700163,-0.31979021275343267,0.9624,0.7886,-0.374362477016449
662,0.9403879540598291,0.6156517094017094,-0.32020090603166157,0.9624,0.7878,-0.374341361951828
663,0.9449953258547008,0.6122629540598291,-0.3197427292028044,0.9626,0.7882,-0.3743415214061737
664,0.9376170411985019,0.6067750133761369,-0.31656934618312066,0.9626,0.7887,-0.3742701714515686
665,0.9420239049145299,0.6114282852564102,-0.318580913492757,0.9629,0.7881,-0.37428509702682494
666,0.9424913194444444,0.6089743589743589,-0.31858409692843753,0.9625,0.7882,-0.37419973468780515
667,0.9422318084537186,0.6076444622792937,-0.3186340985641306,0.9631,0.7876,-0.37420779552459715
668,0.9428418803418803,0.6125133547008547,-0.319539428776146,0.9622,0.7887,-0.3742662099838257
669,0.9420239049145299,0.6099425747863247,-0.3185976098617937,0.9627,0.7881,-0.37434753971099854
670,0.9419475656387447,0.6142489300047158,-0.31963079566621344,0.9623,0.7882,-0.37431555881500245
671,0.9431590544871795,0.6048010149572649,-0.3176706360064001,0.962,0.7876,-0.3743417071342468
672,0.9414563301282052,0.6126635950854701,-0.3192603735205455,0.9624,0.7884,-0.3743752934455872
673,0.9427501338570433,0.6122257891920814,-0.3188390352146839,0.9627,0.7894,-0.3743696002960205
674,0.9450954861111112,0.6131310096153846,-0.3200689255554452,0.9627,0.7891,-0.37426085348129273
675,0.9408553685897436,0.6088575053418803,-0.3186244789479125,0.9625,0.7884,-0.3742969341754913
676,0.9411282770578845,0.6116907438088892,-0.3182371934829006,0.9622,0.7891,-0.3743904877662659
677,0.9414396367521367,0.6124966613247863,-0.318293482128881,0.9622,0.7891,-0.3744057876586914
678,0.9427751068376068,0.6130308493589743,-0.3187362166424083,0.9622,0.7882,-0.37436650772094726
679,0.9424826109262633,0.6095840022358555,-0.31830643516865054,0.9623,0.7891,-0.3744898554325104
680,0.9443776709401709,0.6168703258547008,-0.3207872439271364,0.9625,0.7894,-0.37455041637420655
681,0.9404380341880342,0.6076055021367521,-0.31795974521555453,0.9622,0.7888,-0.37455387868881224
682,0.9426163723916533,0.6122090691165404,-0.3197215030128271,0.9625,0.7892,-0.3745977841377258
683,0.9444277510683761,0.6164529914529915,-0.3215033314549006,0.9626,0.7899,-0.3746806331634521
684,0.9424746260683761,0.6091579861111112,-0.31856193851966125,0.9624,0.79,-0.3746525176525116
685,0.9417636436597111,0.6109550560841017,-0.3185118671054187,0.9629,0.79,-0.3746671705245972
686,0.9392528044871795,0.6047509348290598,-0.31642070196123206,0.9629,0.7903,-0.3745924389362335
687,0.9421574519230769,0.6108607104700855,-0.31923065366398573,0.9633,0.7895,-0.37460811252593995
688,0.9437031834249257,0.6162219102080332,-0.32054872001601514,0.9629,0.7905,-0.3746142632961273
689,0.9410890758547008,0.6096587873931624,-0.3188061861910372,0.9629,0.7909,-0.37465498356819155
690,0.9431423611111112,0.6105101495726496,-0.31863890429083097,0.9625,0.7903,-0.37464284682273863
691,0.9411617174003136,0.6108714553237025,-0.31874454187288076,0.9625,0.7909,-0.37455528316497805
692,0.9398704594017094,0.6102263621794872,-0.3180910706774801,0.9627,0.7909,-0.374609234046936
693,0.9433426816239316,0.6099592681623932,-0.31896834947869307,0.9627,0.7906,-0.37469126505851746
694,0.9411617175916608,0.6085473515567709,-0.3174676413584546,0.9625,0.7909,-0.3747804500579834
695,0.9437600160256411,0.6136151175213675,-0.320864063488622,0.9624,0.7906,-0.37484579629898074
696,0.9408219818376068,0.6148838141025641,-0.31929922205770117,0.962,0.7901,-0.3748497913837433
697,0.9424993310974779,0.6086811129583785,-0.31888355106641547,0.962,0.7896,-0.3748598844051361
698,0.9423076923076923,0.6187566773504274,-0.3205814644312247,0.9627,0.7907,-0.37485993671417234
699,0.9409555288461539,0.6067040598290598,-0.3171898206202393,0.963,0.7905,-0.3748507863521576
700,0.9410781167355879,0.6094000801611482,-0.3186865507631521,0.9628,0.7903,-0.3748687635421753
701,0.9418736645299145,0.6119290865384616,-0.3196425847390778,0.9626,0.79,-0.37486482849121094
702,0.9426582532051282,0.6164362980769231,-0.32000768426646536,0.9629,0.7898,-0.37495939388275146
703,0.9412787585988155,0.6058721242262247,-0.3174954976641347,0.9627,0.7893,-0.3748963363647461
704,0.9415731837606838,0.6110109508547008,-0.3188156397042111,0.9625,0.7903,-0.37495901970863343
705,0.9420405982905983,0.6149839743589743,-0.3193948140256425,0.9626,0.7915,-0.3749051899909973
706,0.9426999732158349,0.6107209737827716,-0.31905580789982924,0.9628,0.7907,-0.3749450658798218
707,0.9395532852564102,0.6148504273504274,-0.3195969694827357,0.9626,0.7916,-0.374896774148941
708,0.9404213408119658,0.610176282051282,-0.31927999892295933,0.9627,0.7911,-0.3748900002479553
709,0.9414961210159518,0.6125434725408314,-0.3195175803906781,0.9626,0.79,-0.3749432140827179
710,0.9452624198717948,0.6107271634615384,-0.3194261341650262,0.9626,0.7906,-0.37494714775085447
711,0.9412059294871795,0.615234375,-0.3197436034679413,0.9629,0.79,-0.375025350856781
712,0.9441379080040688,0.6152521402138067,-0.32040500982104936,0.9627,0.7902,-0.37497276821136477
713,0.9425914797008547,0.6100594284188035,-0.31858536320873815,0.9628,0.7901,-0.37505884528160094
714,0.9424579326923077,0.6131143162393162,-0.31932811782910275,0.9627,0.7905,-0.3750123857498169
715,0.9419308453718566,0.602929374028681,-0.3170456816609241,0.9624,0.7901,-0.37495405163764955
716,0.9440938835470085,0.6071213942307693,-0.31939366275173986,0.9627,0.791,-0.37497191390991214
717,0.9434929220085471,0.6128305288461539,-0.31962803986846894,0.9625,0.7902,-0.37503972434997557
718,0.9428838951310862,0.6135634029849192,-0.3204710479883538,0.9622,0.7918,-0.3751468338012695
719,0.9428752670940171,0.6149172008547008,-0.3204562747453013,0.9625,0.7909,-0.37517695178985594
720,0.9427417200854701,0.6117955395299145,-0.3197394189162132,0.9624,0.7904,-0.37510114607810974
721,0.9414961209202782,0.6132122792618487,-0.3190731398557966,0.9627,0.7905,-0.37513665781021116
722,0.9440938835470085,0.6118956997863247,-0.3197789678716252,0.9625,0.7901,-0.37510610680580136
723,0.9422743055555556,0.6107605502136753,-0.31939118451032883,0.9623,0.7901,-0.3750790407180786
724,0.9410446763931589,0.6133794810377767,-0.3189051669826477,0.9627,0.7903,-0.3751147385120392
725,0.9416566506410257,0.6111611912393162,-0.3182906857413104,0.9624,0.7909,-0.3751362854003906
726,0.9426916399572649,0.6117454594017094,-0.3199921652802035,0.9626,0.7915,-0.37517365202903746
727,0.9418305243445693,0.610252808988764,-0.31852172028897213,0.9625,0.7911,-0.3752298852920532
728,0.9420239049145299,0.6097255608974359,-0.31895988886682397,0.9624,0.7907,-0.3752006398200989
729,0.9426582532051282,0.6125968215811965,-0.3198025790162576,0.9629,0.791,-0.37527656154632566
730,0.9427835741994725,0.6111389780631353,-0.3198219185975097,0.9626,0.7906,-0.37531668705940247
731,0.9439436431623932,0.6072549412393162,-0.31884532237154806,0.963,0.7913,-0.3753120784282684
732,0.9416065705128205,0.6151175213675214,-0.3189880819911631,0.9629,0.7903,-0.37523648624420164
733,0.944188068422039,0.6191646601504474,-0.3217074268957458,0.9632,0.7909,-0.37528072814941404
734,0.9414897168803419,0.6106436965811965,-0.31868971954298836,0.9632,0.7905,-0.3752503195762634
735,0.9415898771367521,0.6164029113247863,-0.32015608091894376,0.9633,0.791,-0.37524469141960143
736,0.9408105938048079,0.6117409043225329,-0.3189869758245969,0.9632,0.7905,-0.37528391771316527
737,0.9416566506410257,0.6135149572649573,-0.31929568672536784,0.9634,0.7922,-0.3752570158958435
738,0.9418903579059829,0.6145332532051282,-0.3193849074916962,0.9632,0.7919,-0.3753176833152771
739,0.9427668538369107,0.6182952113429642,-0.32125027078304014,0.963,0.7913,-0.37533355541229246
740,0.9433092948717948,0.6129807692307693,-0.3202139344225582,0.963,0.792,-0.3754219012260437
741,0.9430088141025641,0.6123965010683761,-0.31885443239385247,0.9626,0.7916,-0.3754080295562744
742,0.9393224985667127,0.6063904493425286,-0.3180183581071081,0.9628,0.791,-0.37539473299980164
743,0.9433426816239316,0.6124465811965812,-0.31927018217806125,0.9631,0.791,-0.3753564225196838
744,0.9402377136752137,0.6161525106837606,-0.3191558661369177,0.963,0.7906,-0.37540892543792725
745,0.945207998929909,0.6118412252860378,-0.3202288969274891,0.9631,0.7902,-0.3753733043193817
746,0.9404714209401709,0.6130809294871795,-0.31863727815385556,0.9627,0.7916,-0.37545553274154664
747,0.9411725427350427,0.6097088675213675,-0.31925962897192717,0.963,0.7912,-0.37551183862686155
748,0.9413623596143442,0.6124765918559733,-0.31891753306485804,0.963,0.7908,-0.3754848449707031
749,0.9442775106837606,0.607421875,-0.3192106207084452,0.9628,0.7913,-0.3754703495502472
750,0.9429921207264957,0.616653311965812,-0.3201776086392566,0.9628,0.7906,-0.375444048833847
751,0.9414626806735227,0.610988496617878,-0.31859557717289116,0.9625,0.7913,-0.3755073189735413
752,0.9428585737179487,0.6067207532051282,-0.31861877142109424,0.9627,0.7905,-0.375463961315155
753,0.9413394764957265,0.6129640758547008,-0.31994768677868396,0.9627,0.7905,-0.3755303217411041
754,0.946311530134396,0.6142322098016101,-0.32021585661756474,0.9628,0.7907,-0.3755070750236511
755,0.9402377136752137,0.6142661591880342,-0.3188754259011684,0.9626,0.7906,-0.37553910636901855
756,0.9408553685897436,0.6082064636752137,-0.31829984575255305,0.9628,0.7908,-0.37556094188690187
757,0.9410112359550562,0.6169408774426941,-0.320841602506709,0.9628,0.7914,-0.3756259992599487
758,0.9421407585470085,0.6081897702991453,-0.318273096321485,0.9632,0.7912,-0.3755576358795166
759,0.9434595352564102,0.6100928151709402,-0.3187587035772128,0.963,0.791,-0.37563213443756105
760,0.9410781166718056,0.6135968433273483,-0.31987346518224674,0.9624,0.791,-0.3756076681137085
761,0.9410056089743589,0.6071047008547008,-0.31759989433563673,0.9629,0.7912,-0.37558145675659177
762,0.9412727029914529,0.6138822115384616,-0.3196438512740991,0.9627,0.7905,-0.37566242270469663
763,0.939355939100489,0.6122090689251932,-0.31804631879267176,0.9629,0.7906,-0.3756510425567627
764,0.9412059294871795,0.6116786858974359,-0.3194160467793799,0.9625,0.7911,-0.3756544578552246
765,0.9437600160256411,0.6093583066239316,-0.31825301872614103,0.9625,0.7916,-0.3756386574745178
766,0.9416967628791792,0.6121254680691204,-0.31944973128182547,0.9623,0.7913,-0.375592040348053
767,0.9385850694444444,0.6134481837606838,-0.3184764006963143,0.9627,0.7911,-0.3755723453521729
768,0.9439603365384616,0.6090912126068376,-0.3189164139648788,0.9627,0.7909,-0.3755386302947998
769,0.9429173354735152,0.61120585865232,-0.3193454362448044,0.9629,0.7909,-0.3756103697776794
770,0.9421073717948718,0.6125467414529915,-0.31968693008534926,0.9631,0.7909,-0.37559250288009643
771,0.9418068910256411,0.6094751602564102,-0.3180596433643602,0.9632,0.7915,-0.375667183971405
772,0.9467128143392188,0.6096007223432877,-0.31958099740466184,0.9632,0.7915,-0.37566788301467896
773,0.9408386752136753,0.6138822115384616,-0.31843216341530156,0.9633,0.7912,-0.3756946870803833
774,0.9439269497863247,0.611862313034188,-0.3204983928774157,0.9633,0.792,-0.37571649856567385
775,0.9386202515670486,0.6142823701557978,-0.3192905495675762,0.9629,0.7912,-0.37571169300079343
776,0.941940438034188,0.6147669604700855,-0.31921082053683764,0.9631,0.7915,-0.37572030606269835
777,0.9456630608974359,0.6151175213675214,-0.32047571292799765,0.9629,0.7911,-0.3757749198436737
778,0.9433353396582055,0.614349250840656,-0.32042518620059857,0.9629,0.7914,-0.37577002811431887
779,0.9405548878205128,0.6114950587606838,-0.3180170341944083,0.9628,0.7917,-0.37570435242652894
780,0.9422743055555556,0.6148337339743589,-0.3205931639442077,0.963,0.7918,-0.37574747228622435
781,0.9425160512686924,0.6119749865281895,-0.319913813508469,0.9633,0.7919,-0.37579518909454346
782,0.9426081730769231,0.6150507478632479,-0.3197254164096637,0.9631,0.7924,-0.3757600106716156
783,0.9427083333333334,0.6098257211538461,-0.31883169780684334,0.9631,0.7918,-0.3757445652008057
784,0.938285848047084,0.6089987960519989,-0.31710288607863707,0.963,0.7917,-0.37575758652687075
785,0.9426081730769231,0.6156517094017094,-0.32096723059558463,0.9631,0.7917,-0.37575088891983033
786,0.9429921207264957,0.6115451388888888,-0.3190456079876321,0.963,0.7917,-0.3757816056251526
787,0.9422652487004741,0.610720973687098,-0.3189472005353247,0.9628,0.7916,-0.3757294906616211
788,0.9421073717948718,0.6121627938034188,-0.31920293584848064,0.9632,0.7908,-0.37572462644577026
789,0.9420405982905983,0.6120626335470085,-0.31942950456570357,0.9631,0.7912,-0.375760327911377
790,0.9409777956126271,0.6096174424826111,-0.3181395559083848,0.9634,0.791,-0.37574822950363157
791,0.9419237446581197,0.6114115918803419,-0.3192246972750395,0.9633,0.7906,-0.3757892164707184
792,0.9411725427350427,0.6091245993589743,-0.3191107248521259,0.9631,0.7907,-0.37578896465301515
793,0.9441713483146067,0.6186964954840046,-0.3213103540508807,0.9631,0.7917,-0.3757566946029663
794,0.9414229433760684,0.6159354967948718,-0.320231609683261,0.9633,0.7914,-0.37574777369499207
795,0.9426081730769231,0.6123464209401709,-0.3202037622785976,0.9633,0.7912,-0.37571777992248534
796,0.9432182984597036,0.6054875601926164,-0.31746901473685213,0.9634,0.7912,-0.3757823554992676
797,0.9432759081196581,0.6158854166666666,-0.3208464653446124,0.9635,0.7918,-0.3757875150680542
798,0.9406216613247863,0.6108940972222222,-0.3196830676279516,0.9635,0.7909,-0.37578230390548706
799,0.9432350186309182,0.6144495719636169,-0.3198949567228157,0.9634,0.7915,-0.3757872563362122
800,0.9398704594017094,0.6080729166666666,-0.31848619528051114,0.9633,0.7909,-0.37586047105789183
801,0.9405215010683761,0.6107271634615384,-0.3185655273433424,0.9635,0.7908,-0.3758365391731262
802,0.9423822899308671,0.6127608345752734,-0.31962338585851024,0.9634,0.7909,-0.3758817095756531
803,0.9434762286324786,0.6121627938034188,-0.3196830364246654,0.9634,0.7913,-0.3758408017158508
804,0.9433760683760684,0.6157518696581197,-0.32016427700336164,0.9634,0.7914,-0.3758930520534515
805,0.9420980470840021,0.6049023542957805,-0.31881313446117887,0.9631,0.7914,-0.37589417490959165
806,0.9427584134615384,0.6121627938034188,-0.3193147290720899,0.963,0.7913,-0.37588109374046325
807,0.9392528044871795,0.6125801282051282,-0.3181097192259935,0.9631,0.7909,-0.37587650747299195
808,0.9426665328096233,0.618412252541466,-0.3209815938215067,0.9629,0.7912,-0.37587753400802615
809,0.9409388354700855,0.6119958600427351,-0.3195323290096389,0.963,0.7908,-0.3759038483142853
810,0.9420739850427351,0.6162693643162394,-0.3206643077552828,0.963,0.7908,-0.37588994884490967
811,0.9433018994114499,0.6128611556982343,-0.31968576782779173,0.9628,0.7909,-0.37586922965049746
812,0.9423410790598291,0.6086404914529915,-0.3195509348287542,0.963,0.7904,-0.3758987106323242
813,0.9397369123931624,0.6124298878205128,-0.3190574265188641,0.9631,0.791,-0.3759631425857544
814,0.9395398608881755,0.6115904226221459,-0.3180669439291814,0.9632,0.7908,-0.37599100379943845
815,0.9431924412393162,0.6160690438034188,-0.32066690985463625,0.9634,0.791,-0.3760051516532898
816,0.9422576121794872,0.6081396901709402,-0.3183787063910411,0.9631,0.791,-0.37600654911994935
817,0.9401585071274404,0.6087479935794543,-0.31749363383103846,0.963,0.7904,-0.3759894513130188
818,0.9429754273504274,0.6145666399572649,-0.3203175874729442,0.9631,0.791,-0.3759838960647583
819,0.9415064102564102,0.6096921741452992,-0.3192429840564728,0.9632,0.7909,-0.37602284336090086
820,0.9441880683901477,0.6117743445373972,-0.3195220769695447,0.9631,0.7911,-0.375974125623703
821,0.9460303151709402,0.6160690438034188,-0.32087011622567463,0.963,0.7911,-0.3759674475193024
822,0.9423911591880342,0.6143329326923077,-0.31873337663391715,0.963,0.7915,-0.37596176223754885
823,0.9420980470840021,0.6155196629532396,-0.31994076917489117,0.963,0.7915,-0.37598252568244933
824,0.9410056089743589,0.6149172008547008,-0.31944734641374684,0.9633,0.7912,-0.37600483927726747
825,0.9433259882478633,0.6122796474358975,-0.31892351876211983,0.963,0.791,-0.37602394990921023
826,0.9426999731520525,0.6151016587366581,-0.32051056899317704,0.9629,0.7914,-0.3760344585895538
827,0.9403545673076923,0.6110109508547008,-0.31878015590019715,0.9627,0.7913,-0.3760363936424255
828,0.9427417200854701,0.6143496260683761,-0.32011692467917746,0.9632,0.7911,-0.37600718483924866
829,0.9405932316746923,0.6088984750247116,-0.31854528193489123,0.9633,0.7916,-0.37602965059280397
830,0.9434261485042735,0.6117454594017094,-0.3198063125849789,0.9629,0.7914,-0.37602962765693665
831,0.9439937232905983,0.613014155982906,-0.3198914468033701,0.9628,0.7914,-0.37602153396606447
832,0.9413957999886645,0.6099685660781167,-0.3183200378957568,0.963,0.7912,-0.3760162533760071
833,0.9429086538461539,0.6131143162393162,-0.3193069328991776,0.9628,0.7914,-0.37599994258880615
834,0.9428585737179487,0.6160857371794872,-0.32120287214588916,0.9626,0.7912,-0.3760482136249542
835,0.9435694221508828,0.61138978053568,-0.32036077344781133,0.9626,0.7914,-0.3760598175048828
836,0.9426916399572649,0.6217280982905983,-0.32177802582836557,0.9627,0.7914,-0.3761064260005951
837,0.9429420405982906,0.6121627938034188,-0.3198604828908912,0.9624,0.7917,-0.37612560024261477
838,0.9426330925628679,0.6066245319308796,-0.3179439495373946,0.9626,0.7913,-0.3761419325828552
839,0.9423911591880342,0.6141659989316239,-0.31949025583572876,0.9627,0.7914,-0.376146369934082
840,0.941940438034188,0.6151342147435898,-0.32025552725690043,0.9628,0.7919,-0.37614233474731446
841,0.9406935527976532,0.6095505617020792,-0.31816116933710376,0.963,0.7919,-0.3761121963500977
842,0.9432592147435898,0.6161858974358975,-0.31987581096398526,0.9629,0.7919,-0.37611949672698974
843,0.9427751068376068,0.6133814102564102,-0.319759665391384,0.963,0.792,-0.3761772331237793
844,0.9409610755370861,0.6081293472445158,-0.3184765215670125,0.9631,0.7921,-0.3762041579723358
845,0.9411725427350427,0.6118122329059829,-0.31868564140083444,0.963,0.7917,-0.3762159126758575
846,0.9416566506410257,0.609642094017094,-0.3197897921005885,0.9632,0.7915,-0.37620151748657227
847,0.9442883895131086,0.615118378812199,-0.32037771883464994,0.9632,0.7916,-0.37618160390853883
848,0.9431423611111112,0.6124632745726496,-0.31983741723064685,0.9633,0.7915,-0.3761532762050629
849,0.9422909989316239,0.6148838141025641,-0.3196219902517449,0.9633,0.7913,-0.37617945671081543
850,0.9423488496522204,0.6167569555912252,-0.3206695361115704,0.9633,0.7915,-0.3761937674045563
851,0.9410056089743589,0.612129407051282,-0.31838645824255085,0.963,0.7911,-0.3761820230960846
852,0.9403378739316239,0.6100260416666666,-0.3180974199094324,0.9633,0.7915,-0.37621052584648135
853,0.9405932316746923,0.6150849385654436,-0.32039497257745986,0.9632,0.7913,-0.37617719478607176
854,0.9422576121794872,0.6177550747863247,-0.32110683269735074,0.963,0.7914,-0.37619033851623535
855,0.9422909989316239,0.614967280982906,-0.32104175837121457,0.963,0.7914,-0.37622058334350583
856,0.9425829321448977,0.6079287050942676,-0.3182382324183287,0.9631,0.7918,-0.3762086036682129
857,0.9410389957264957,0.6075387286324786,-0.3180695675377153,0.963,0.7908,-0.37621751518249513
858,0.9429420405982906,0.6121127136752137,-0.31936962615985137,0.9631,0.7917,-0.37623598165512084
859,0.9415128411871664,0.6105704922418406,-0.31925889811393343,0.9631,0.7919,-0.37621900825500487
860,0.9406383547008547,0.6155181623931624,-0.3190856218720094,0.963,0.7918,-0.37623003692626955
861,0.9441105769230769,0.6088074252136753,-0.3199124575043336,0.9629,0.7915,-0.37624130125045774
862,0.9419475654473976,0.6154527822364901,-0.32058625840898375,0.9627,0.7914,-0.37625985078811647
863,0.9439269497863247,0.6113114316239316,-0.3203094153959527,0.9632,0.791,-0.3762789316177368
864,0.9404213408119658,0.6100928151709402,-0.31832664268903244,0.9631,0.7912,-0.3762645578861237
865,0.940292268688504,0.6222077315028431,-0.3208325993351403,0.9631,0.791,-0.3762359142303467
866,0.9413060897435898,0.6099759615384616,-0.31894609605909413,0.9633,0.7908,-0.3762626744270325
867,0.9449285523504274,0.6087907318376068,-0.3199772571778705,0.9633,0.7909,-0.37625521178245547
868,0.9423990100701906,0.6132791600742717,-0.31969703476399647,0.9632,0.7911,-0.3762505576133728
869,0.9414396367521367,0.6141659989316239,-0.3196954031785329,0.9632,0.7908,-0.3762612776279449
870,0.9455295138888888,0.6183059561965812,-0.32175997116117394,0.9632,0.7912,-0.3762576313018799
871,0.9390884162653825,0.6075775816263267,-0.31763170653961126,0.9631,0.7912,-0.3762999335289001
872,0.9425080128205128,0.6129974626068376,-0.3200142421783545,0.9632,0.7908,-0.37631017479896545
873,0.941673344017094,0.6100427350427351,-0.31953737298902285,0.9634,0.7903,-0.3762946167945862
874,0.9410279562219444,0.6096174423869374,-0.31837305201764665,0.9634,0.7907,-0.37630821294784544
875,0.9408219818376068,0.6096921741452992,-0.31913241412904525,0.9634,0.7907,-0.37633945479393005
876,0.9430088141025641,0.6171040331196581,-0.3210251861785212,0.9634,0.7908,-0.37635191097259524
877,0.9441211877690718,0.61495117700438,-0.32018767521303565,0.9633,0.7911,-0.3763441228866577
878,0.9427083333333334,0.6156684027777778,-0.3202473656234578,0.9635,0.7914,-0.37635689907073977
879,0.9439269497863247,0.6123965010683761,-0.3196656825578111,0.9639,0.7912,-0.3763673306941986
880,0.9432015784160539,0.6099518458112285,-0.31941135623928313,0.9638,0.791,-0.3763829693317413
881,0.9435596955128205,0.6089075854700855,-0.31983584675014526,0.9638,0.7916,-0.37636748118400576
882,0.9425413995726496,0.6172375801282052,-0.3205523870439611,0.9639,0.7912,-0.37635187311172486
883,0.9426498126384089,0.6132457196042779,-0.3201486541027051,0.9637,0.7913,-0.37635386004447935
884,0.9417901976495726,0.6136318108974359,-0.32004339031429374,0.9637,0.791,-0.37635107054710387
885,0.9404380341880342,0.6089743589743589,-0.3187757289180389,0.9637,0.7908,-0.37632789125442506
886,0.9440543072117784,0.6132122793894136,-0.31998564544497105,0.9636,0.7908,-0.37634704875946046
887,0.9389356303418803,0.6129640758547008,-0.31774055410144675,0.9636,0.791,-0.3763700861930847
888,0.9430755876068376,0.6172876602564102,-0.32099799467967105,0.9636,0.7915,-0.3763435538291931
889,0.9420311664948176,0.6100187265917603,-0.31891463551054416,0.9634,0.7909,-0.3763438353538513
890,0.9439269497863247,0.6097756410256411,-0.32035894481799543,0.9635,0.7911,-0.3763597792625427
891,0.9403211805555556,0.6137319711538461,-0.3187929986633806,0.9634,0.791,-0.3763575336456299
892,0.9432684589733473,0.6123261102193687,-0.31987849546027347,0.9633,0.7914,-0.37636887741088865
893,0.9432091346153846,0.615768563034188,-0.3215038056811716,0.9633,0.7911,-0.3763693398952484
894,0.9428919604700855,0.6125634348290598,-0.31996132261477983,0.9631,0.791,-0.37639254727363586
895,0.9425829320492242,0.6093833600856072,-0.31921482360445924,0.9632,0.7913,-0.3763794723033905
896,0.9412393162393162,0.6182224893162394,-0.3207760681199212,0.9631,0.7912,-0.37638734540939334
897,0.9436932425213675,0.6141993856837606,-0.32123165131888837,0.9631,0.7912,-0.376410168504715
898,0.9428671750555452,0.6050695559122525,-0.3178130702228709,0.9633,0.791,-0.3763997312068939
899,0.9441439636752137,0.6170873397435898,-0.32109887356686795,0.9633,0.7908,-0.3764228209495544
900,0.9413728632478633,0.6041499732905983,-0.3180766772383299,0.9632,0.7912,-0.3764139937400818
901,0.9442549491706795,0.6127942749177026,-0.3202049944763071,0.9634,0.7906,-0.37643229608535766
902,0.9415898771367521,0.6139823717948718,-0.32008372355475384,0.9632,0.7905,-0.376430300617218
903,0.9431089743589743,0.6147669604700855,-0.3205522127513193,0.9632,0.7905,-0.3764280971050262
904,0.9413790796261028,0.6156367040241766,-0.3193533271311948,0.9633,0.7907,-0.3764441180229187
905,0.9437600160256411,0.6181390224358975,-0.32056743174027175,0.9634,0.7902,-0.3764536232471466
906,0.9401375534188035,0.6132979433760684,-0.3188075472274397,0.9632,0.7904,-0.3764545662879944
907,0.9429674959871589,0.6080457463565518,-0.31929026264248844,0.9632,0.7904,-0.3764746307373047
908,0.9419070512820513,0.6080729166666666,-0.31853847931592894,0.9632,0.7903,-0.3764626690864563
909,0.9443609775641025,0.6154847756410257,-0.32087274704478747,0.9632,0.7906,-0.3764733045578003
910,0.9445391920813269,0.6151685392301691,-0.3202105026120104,0.9633,0.7906,-0.3764709946632385
911,0.9403712606837606,0.6062867254273504,-0.3172872704573167,0.9633,0.7905,-0.3764833932876587
912,0.9438100961538461,0.6194911858974359,-0.3222262379195955,0.9633,0.7906,-0.37649220604896544
913,0.9412433155080214,0.6106951871657754,-0.3192084539223482,0.9631,0.791,-0.3765155632019043
914,0.9402725815072154,0.6098176109032603,-0.31854624933956904,0.9633,0.7909,-0.37649909467697146
915,0.9400206997863247,0.6138655181623932,-0.31933524860785556,0.9632,0.7908,-0.3765054914474487
916,0.9433990641073747,0.6165942512731502,-0.3216559687240876,0.9633,0.7909,-0.37652021617889403
917,0.9413916354571862,0.6169661945165128,-0.3209906317440983,0.9633,0.791,-0.3765323221683502
918,0.9429754273504274,0.6176549145299145,-0.32116052591138416,0.9634,0.7911,-0.3765577684402466
919,0.9399064170485512,0.6146724598292999,-0.3198185795768697,0.9633,0.7907,-0.3765754933357239
920,0.9425607963337228,0.6133417958629634,-0.32020716022706047,0.9632,0.7907,-0.3765688998222351
921,0.9417401175213675,0.6173043536324786,-0.3205865182173558,0.9631,0.7906,-0.37653882074356076
922,0.9436330213903743,0.6157754010057704,-0.3204476425513864,0.9632,0.7908,-0.376544437456131
923,0.9439303847890943,0.6168826830253316,-0.321427012130196,0.963,0.7905,-0.3765301471710205
924,0.9403712606837606,0.6112446581196581,-0.3191030806837938,0.963,0.7904,-0.3765519205570221
925,0.9408756684491979,0.6106951872295237,-0.3183720901847523,0.963,0.7905,-0.3765365963935852
926,0.9459513629075361,0.6144775521430276,-0.32223691523298104,0.9633,0.7909,-0.376551686668396
927,0.9410223023504274,0.6126135149572649,-0.3188127910352161,0.9633,0.7909,-0.376554522562027
928,0.9402072191875886,0.6127673797428926,-0.3190597948224787,0.9633,0.7911,-0.37655139560699463
929,0.9414584446501312,0.6151456440724771,-0.3206998124471773,0.9635,0.7913,-0.3765736811161041
930,0.9436097756410257,0.6056690705128205,-0.31798181428104383,0.9633,0.7911,-0.37655063514709475
931,0.9426804813471708,0.6159090908453426,-0.3198880896211308,0.9634,0.7911,-0.3765466180324554
932,0.9435295296951388,0.6162479956923546,-0.32066677110135267,0.9634,0.791,-0.3765640901565552
933,0.9429420405982906,0.6120459401709402,-0.31994744594025815,0.9636,0.7916,-0.37657461290359495
934,0.9440006685129462,0.6142546790806367,-0.3205804841403655,0.9635,0.7912,-0.37658450965881346
935,0.9425607963974371,0.6061264029611947,-0.31826869930767365,0.9633,0.7913,-0.37658653078079224
936,0.9438434829059829,0.6170205662393162,-0.3208321336115527,0.9632,0.7913,-0.3766072807312012
937,0.9419762159591687,0.6142604222022423,-0.31996020251006,0.9633,0.7913,-0.37663964734077454
938,0.9407085562134809,0.6093917111661983,-0.31941761443002975,0.9634,0.7915,-0.37663961386680606
939,0.9449285523504274,0.6178385416666666,-0.32186700098025495,0.9636,0.7915,-0.376663890171051
940,0.9413081239978621,0.6110201763444123,-0.3192572749310926,0.9636,0.7911,-0.37666513862609863
941,0.9430314171122994,0.6057486630697302,-0.31840837193045385,0.9635,0.7912,-0.3766608521938324
942,0.9421908386752137,0.6153178418803419,-0.32037613642776114,0.9634,0.7913,-0.37667551679611205
943,0.942627605590382,0.6134587118869029,-0.31976044193937586,0.9635,0.7916,-0.37668394107818604
944,0.9421958556787215,0.614455213839995,-0.32048478330520386,0.9635,0.7915,-0.37669423627853393
945,0.9402377136752137,0.6150841346153846,-0.32014134984750015,0.9636,0.792,-0.3766867431163788
946,0.9423269641584154,0.6137927578516277,-0.31971654407421196,0.9635,0.7919,-0.37667312955856325
947,0.9435327539469469,0.6118816844282303,-0.3192255999474602,0.9634,0.7914,-0.37667349996566774
948,0.940254407051282,0.6078892895299145,-0.318708828308134,0.9634,0.7914,-0.37668419075012205
949,0.9435963388243696,0.6144775521430276,-0.32041680593021665,0.9632,0.7915,-0.37669161524772643
950,0.9426303475298347,0.6128008022027858,-0.3201195701717693,0.9632,0.791,-0.3766879101753235
951,0.942825186965812,0.6107772435897436,-0.31991840192140675,0.9633,0.7909,-0.37669673452377317
952,0.9454335916303556,0.6188201496525922,-0.3219987896277521,0.9634,0.7904,-0.37670514459609983
953,0.9403074865672678,0.605230614973262,-0.3181482065807689,0.9633,0.7908,-0.3767068588256836
954,0.9426916399572649,0.6088741987179487,-0.3189520444243382,0.9633,0.7905,-0.3767101266860962
955,0.9416922768572956,0.6135756280064136,-0.3201503965671148,0.9632,0.7905,-0.3767250902175903
956,0.9425133689839572,0.6132687165775401,-0.31967808825765703,0.9632,0.7908,-0.37672989263534545
957,0.9423243856837606,0.6171040331196581,-0.3212448510731387,0.9632,0.7913,-0.37672900671958925
958,0.9409406734048078,0.6155966060611413,-0.3205074378349512,0.9633,0.7911,-0.37672186632156374
959,0.9433990641073747,0.6162266042143266,-0.3210854975297489,0.9634,0.7909,-0.3767049774169922
960,0.9424412393162394,0.6160189636752137,-0.32091108607685465,0.9633,0.7909,-0.3767006386756897
961,0.942143238909674,0.6156968198505587,-0.320788487991122,0.9634,0.7909,-0.37672474431991576
962,0.9402072192513369,0.6130848929843801,-0.3190950561812855,0.9633,0.7907,-0.3767207814216614
963,0.9419070512820513,0.6128806089743589,-0.31975989578626096,0.9631,0.7907,-0.37672161254882813
964,0.9429783538533429,0.6166488508818814,-0.3204324520061132,0.9633,0.7906,-0.3767206630706787
965,0.9431316845557269,0.6130180481283423,-0.320198454767625,0.9633,0.7906,-0.3767242681503296
966,0.9423410790598291,0.6131643963675214,-0.3196409394343694,0.9633,0.7907,-0.37671297082901
967,0.9401556654195617,0.6115212453552136,-0.31981050835963176,0.9634,0.7904,-0.37672116622924806
968,0.9389872994652406,0.6141209893685611,-0.3193267584484529,0.9634,0.7906,-0.37672034282684325
969,0.940604967948718,0.6096754807692307,-0.3189345003447981,0.9633,0.7905,-0.3767169076919556
970,0.9437934027777778,0.6185229700854701,-0.32173003995010996,0.9635,0.7907,-0.37672344493865967
971,0.9397739433808528,0.6098180844415121,-0.3186299695153489,0.9635,0.7911,-0.37672418828010557
972,0.9424913194444444,0.6147168803418803,-0.32057701242275727,0.9632,0.7916,-0.37672286071777344
973,0.9433927617521367,0.6146834935897436,-0.32104983212601423,0.9634,0.7916,-0.3767299715995789
974,0.9428002941793397,0.6071261368759691,-0.31839663192127526,0.9635,0.7916,-0.37673292388916013
975,0.9434094551282052,0.6121794871794872,-0.32060263751663715,0.9634,0.7918,-0.37673657855987547
976,0.9432592147435898,0.6162860576923077,-0.32056105270599705,0.9632,0.7917,-0.37674388427734373
977,0.940359149182015,0.6120920278223649,-0.3190562572467767,0.9633,0.7916,-0.37675286979675293
978,0.9421407585470085,0.6148337339743589,-0.3199034957931592,0.9634,0.7918,-0.37674403805732726
979,0.9415231036324786,0.6113948985042735,-0.3198101332045009,0.9633,0.7915,-0.37674409937858583
980,0.9426665328096233,0.6126437935681187,-0.31942072198185584,0.9632,0.7916,-0.3767609260559082
981,0.9425747863247863,0.6145165598290598,-0.31983806524011826,0.9632,0.7918,-0.3767629262924194
982,0.9430588942307693,0.613014155982906,-0.32072941487670964,0.9633,0.7911,-0.37677199096679687
983,0.9421147672552167,0.6128444355270198,-0.31959810342745326,0.9633,0.7913,-0.37678118839263913
984,0.9431590544871795,0.6141659989316239,-0.32099936813370794,0.9632,0.7912,-0.3767750233650208
985,0.9389022435897436,0.6085069444444444,-0.3170204620458122,0.9631,0.7912,-0.37676875734329224
986,0.9446896735265843,0.6153859016473054,-0.3211453990096903,0.9633,0.791,-0.3767754456996918
987,0.9412560096153846,0.6126469017094017,-0.31972352313434976,0.9631,0.7912,-0.37677626228332517
988,0.9408887553418803,0.6115785256410257,-0.31880340413150626,0.9633,0.7907,-0.37677922887802123
989,0.9425327715355806,0.6121087478979058,-0.3206179750322849,0.9631,0.7908,-0.3767777307987213
990,0.9412226228632479,0.6129640758547008,-0.31902037879340667,0.9632,0.7911,-0.3767789813518524
991,0.9453625801282052,0.6137653579059829,-0.3214516514896328,0.9634,0.791,-0.37678426213264465
992,0.9418806847625394,0.6103029695024077,-0.31870537108122315,0.9634,0.7911,-0.376784228515625
993,0.9405715811965812,0.6143830128205128,-0.3199164412724666,0.9634,0.791,-0.37678839502334593
994,0.9415231036324786,0.613014155982906,-0.3187987307707469,0.9634,0.7909,-0.37679333529472353
995,0.9440375869767815,0.6150013376136971,-0.32044543197538966,0.9634,0.791,-0.3768057299613953
996,0.9399372329059829,0.6106770833333334,-0.31862712511394775,0.9635,0.791,-0.37681061902046203
997,0.9445446047008547,0.6154346955128205,-0.3217816068193851,0.9633,0.7915,-0.37681586756706237
998,0.9430343766720172,0.6181447297063596,-0.3224117878830452,0.9634,0.7912,-0.37682064752578737
999,0.9419738247863247,0.6125467414529915,-0.31938592325418425,0.9634,0.7913,-0.37680884265899656
